"X";"ProveDato";"FylkeNr";"Positive";"NegativeAlle";"PositiveIkkeUtlandet"
"2020-02-26";2020-02-26;11;0;0;0
"2020-02-27";2020-02-27;11;0;0;0
"2020-02-28";2020-02-28;11;0;0;0
"2020-02-29";2020-02-29;11;2;0;0
"2020-03-01";2020-03-01;11;0;0;0
"2020-03-02";2020-03-02;11;2;0;0
"2020-03-03";2020-03-03;11;2;0;0
"2020-03-04";2020-03-04;11;3;0;0
"2020-03-05";2020-03-05;11;4;0;1
"2020-03-06";2020-03-06;11;3;0;0
"2020-03-07";2020-03-07;11;4;0;0
"2020-03-08";2020-03-08;11;11;0;1
"2020-03-09";2020-03-09;11;40;0;8
"2020-03-10";2020-03-10;11;34;0;5
"2020-03-11";2020-03-11;11;28;0;8
"2020-03-12";2020-03-12;11;19;0;10
"2020-03-13";2020-03-13;11;11;0;19
"2020-03-14";2020-03-14;11;2;0;27
"2020-03-15";2020-03-15;11;6;0;33
"2020-03-16";2020-03-16;11;15;0;40
"2020-03-17";2020-03-17;11;16;0;44
"2020-03-18";2020-03-18;11;17;0;60
"2020-03-19";2020-03-19;11;23;0;59
"2020-03-20";2020-03-20;11;24;0;68
"2020-03-21";2020-03-21;11;7;0;56
"2020-03-22";2020-03-22;11;3;0;59
"2020-03-23";2020-03-23;11;18;0;51
"2020-03-24";2020-03-24;11;14;0;59
"2020-03-25";2020-03-25;11;7;0;36
"2020-03-26";2020-03-26;11;10;0;41
"2020-03-27";2020-03-27;11;8;0;40
"2020-03-28";2020-03-28;11;11;0;59
"2020-03-29";2020-03-29;11;4;0;60
"2020-03-30";2020-03-30;11;9;0;58
"2020-03-31";2020-03-31;11;3;216;62
"2020-04-01";2020-04-01;11;6;254;58
"2020-04-02";2020-04-02;11;7;182;52
"2020-04-03";2020-04-03;11;2;173;62
"2020-04-04";2020-04-04;11;2;67;57
"2020-04-05";2020-04-05;11;1;39;58
"2020-04-06";2020-04-06;11;2;146;70
"2020-04-07";2020-04-07;11;4;118;73
"2020-04-08";2020-04-08;11;1;99;60
"2020-04-09";2020-04-09;11;0;63;65
"2020-04-10";2020-04-10;11;1;73;82
"2020-04-11";2020-04-11;11;0;65;76
"2020-04-12";2020-04-12;11;1;60;71
"2020-04-13";2020-04-13;11;1;68;68
"2020-04-14";2020-04-14;11;1;126;71
"2020-04-15";2020-04-15;11;1;154;72
"2020-04-16";2020-04-16;11;2;135;68
"2020-04-17";2020-04-17;11;1;146;71
"2020-04-18";2020-04-18;11;0;54;76
"2020-04-19";2020-04-19;11;0;85;61
"2020-04-20";2020-04-20;11;3;238;74
"2020-04-21";2020-04-21;11;2;237;65
"2020-04-22";2020-04-22;11;0;198;63
"2020-04-23";2020-04-23;11;22;140;65
"2020-04-24";2020-04-24;11;0;183;64
"2020-04-25";2020-04-25;11;0;77;64
"2020-04-26";2020-04-26;11;0;52;55
"2020-04-27";2020-04-27;11;8;275;58
"2020-04-28";2020-04-28;11;0;269;60
"2020-04-29";2020-04-29;11;4;223;49
"2020-04-30";2020-04-30;11;0;310;54
"2020-05-01";2020-05-01;11;0;112;57
"2020-05-02";2020-05-02;11;0;71;43
"2020-05-03";2020-05-03;11;0;48;40
"2020-05-04";2020-05-04;11;1;193;44
"2020-05-05";2020-05-05;11;0;321;32
"2020-05-06";2020-05-06;11;1;322;37
"2020-05-07";2020-05-07;11;0;287;35
"2020-05-08";2020-05-08;11;0;276;35
"2020-05-09";2020-05-09;11;0;89;41
"2020-05-10";2020-05-10;11;0;62;37
"2020-05-11";2020-05-11;11;0;287;34
"2020-05-12";2020-05-12;11;1;411;37
"2020-05-13";2020-05-13;11;0;287;33
"2020-05-14";2020-05-14;11;0;342;26
"2020-05-15";2020-05-15;11;0;298;27
"2020-05-16";2020-05-16;11;0;86;28
"2020-05-17";2020-05-17;11;0;32;22
"2020-05-18";2020-05-18;11;0;259;27
"2020-05-19";2020-05-19;11;0;302;22
"2020-05-20";2020-05-20;11;0;149;34
"2020-05-21";2020-05-21;11;0;52;19
"2020-05-22";2020-05-22;11;0;243;27
"2020-05-23";2020-05-23;11;0;91;26
"2020-05-24";2020-05-24;11;0;51;21
"2020-05-25";2020-05-25;11;0;236;15
"2020-05-26";2020-05-26;11;0;311;16
"2020-05-27";2020-05-27;11;0;243;19
"2020-05-28";2020-05-28;11;1;205;11
"2020-05-29";2020-05-29;11;0;198;14
"2020-05-30";2020-05-30;11;0;47;12
"2020-05-31";2020-05-31;11;0;31;20
"2020-06-01";2020-06-01;11;0;50;11
"2020-06-02";2020-06-02;11;1;264;12
"2020-06-03";2020-06-03;11;1;305;19
"2020-06-04";2020-06-04;11;0;271;9
"2020-06-05";2020-06-05;11;1;262;10
"2020-06-06";2020-06-06;11;0;80;16
"2020-06-07";2020-06-07;11;0;28;5
"2020-06-08";2020-06-08;11;1;173;9
"2020-06-09";2020-06-09;11;0;499;11
"2020-06-10";2020-06-10;11;0;404;14
"2020-06-11";2020-06-11;11;0;581;10
"2020-06-12";2020-06-12;11;0;482;11
"2020-06-13";2020-06-13;11;0;155;10
"2020-06-14";2020-06-14;11;0;79;9
"2020-06-15";2020-06-15;11;0;678;7
"2020-06-16";2020-06-16;11;0;670;11
"2020-06-17";2020-06-17;11;1;673;6
"2020-06-18";2020-06-18;11;0;532;7
"2020-06-19";2020-06-19;11;0;538;7
"2020-06-20";2020-06-20;11;0;145;6
"2020-06-21";2020-06-21;11;0;108;7
"2020-06-22";2020-06-22;11;0;487;5
"2020-06-23";2020-06-23;11;0;490;6
"2020-06-24";2020-06-24;11;0;392;4
"2020-06-25";2020-06-25;11;1;364;8
"2020-06-26";2020-06-26;11;0;290;7
"2020-06-27";2020-06-27;11;0;61;6
"2020-06-28";2020-06-28;11;0;56;3
"2020-06-29";2020-06-29;11;0;504;5
"2020-06-30";2020-06-30;11;1;420;7
"2020-07-01";2020-07-01;11;0;336;2
"2020-07-02";2020-07-02;11;0;324;5
"2020-07-03";2020-07-03;11;0;289;6
"2020-07-04";2020-07-04;11;0;77;8
"2020-07-05";2020-07-05;11;0;41;1
"2020-07-06";2020-07-06;11;0;445;2
"2020-07-07";2020-07-07;11;0;356;7
"2020-07-08";2020-07-08;11;0;299;8
"2020-07-09";2020-07-09;11;1;297;2
"2020-07-10";2020-07-10;11;0;282;2
"2020-07-11";2020-07-11;11;0;103;2
"2020-07-12";2020-07-12;11;3;54;6
"2020-07-13";2020-07-13;11;2;435;3
"2020-07-14";2020-07-14;11;0;503;2
"2020-07-15";2020-07-15;11;0;515;2
"2020-07-16";2020-07-16;11;0;383;4
"2020-07-17";2020-07-17;11;1;303;1
"2020-07-18";2020-07-18;11;0;106;2
"2020-07-19";2020-07-19;11;0;47;1
"2020-07-20";2020-07-20;11;1;491;2
"2020-07-21";2020-07-21;11;1;332;3
"2020-07-22";2020-07-22;11;0;353;1
"2020-07-23";2020-07-23;11;1;345;3
"2020-07-24";2020-07-24;11;2;347;2
"2020-07-25";2020-07-25;11;1;114;0
"2020-07-26";2020-07-26;11;0;90;1
"2020-07-27";2020-07-27;11;3;541;1
"2020-07-28";2020-07-28;11;2;458;1
"2020-07-29";2020-07-29;11;3;419;3
"2020-07-30";2020-07-30;11;1;418;2
"2020-07-31";2020-07-31;11;5;422;0
"2020-08-01";2020-08-01;11;1;182;1
"2020-08-02";2020-08-02;11;0;87;1
"2020-08-03";2020-08-03;11;4;772;5
"2020-08-04";2020-08-04;11;0;632;4
"2020-08-05";2020-08-05;11;3;630;3
"2020-08-06";2020-08-06;11;6;625;4
"2020-08-07";2020-08-07;11;1;583;6
"2020-08-08";2020-08-08;11;1;284;5
"2020-08-09";2020-08-09;11;2;154;5
"2020-08-10";2020-08-10;11;5;1040;4
"2020-08-11";2020-08-11;11;4;1059;11
"2020-08-12";2020-08-12;11;5;1165;5
"2020-08-13";2020-08-13;11;0;1078;8
"2020-08-14";2020-08-14;11;2;903;8
"2020-08-15";2020-08-15;11;1;403;6
"2020-08-16";2020-08-16;11;2;419;8
"2020-08-17";2020-08-17;11;3;1320;12
"2020-08-18";2020-08-18;11;2;1325;11
"2020-08-19";2020-08-19;11;0;1267;11
"2020-08-20";2020-08-20;11;2;1195;9
"2020-08-21";2020-08-21;11;3;995;12
"2020-08-22";2020-08-22;11;3;561;10
"2020-08-23";2020-08-23;11;1;666;9
"2020-08-24";2020-08-24;11;0;1560;3
"2020-08-25";2020-08-25;11;1;1480;6
"2020-08-26";2020-08-26;11;2;1394;7
"2020-08-27";2020-08-27;11;2;1346;4
"2020-08-28";2020-08-28;11;2;1171;7
"2020-08-29";2020-08-29;11;0;610;6
"2020-08-30";2020-08-30;11;4;600;11
"2020-08-31";2020-08-31;11;6;1681;8
"2020-09-01";2020-09-01;11;4;1543;4
"2020-09-02";2020-09-02;11;4;1533;6
"2020-09-03";2020-09-03;11;5;1300;5
"2020-09-04";2020-09-04;11;2;1163;7
"2020-09-05";2020-09-05;11;4;503;2
"2020-09-06";2020-09-06;11;3;643;7
"2020-09-07";2020-09-07;11;6;1462;2
"2020-09-08";2020-09-08;11;4;1730;3
"2020-09-09";2020-09-09;11;3;1363;2
"2020-09-10";2020-09-10;11;1;1270;3
"2020-09-11";2020-09-11;11;2;1160;3
"2020-09-12";2020-09-12;11;1;683;3
"2020-09-13";2020-09-13;11;8;669;1
"2020-09-14";2020-09-14;11;6;1677;2
"2020-09-15";2020-09-15;11;5;1608;2
"2020-09-16";2020-09-16;11;2;1498;4
"2020-09-17";2020-09-17;11;3;1466;1
"2020-09-18";2020-09-18;11;3;1166;2
"2020-09-19";2020-09-19;11;8;443;3
"2020-09-20";2020-09-20;11;16;500;1
"2020-09-21";2020-09-21;11;37;1475;4
"2020-09-22";2020-09-22;11;4;1612;0
"2020-09-23";2020-09-23;11;12;1443;1
"2020-09-24";2020-09-24;11;11;1369;1
"2020-09-25";2020-09-25;11;3;1226;1
"2020-09-26";2020-09-26;11;2;696;1
"2020-09-27";2020-09-27;11;1;665;4
"2020-09-28";2020-09-28;11;7;1580;1
"2020-09-29";2020-09-29;11;8;1693;2
"2020-09-30";2020-09-30;11;6;1292;1
"2020-10-01";2020-10-01;11;3;1236;0
"2020-02-261";2020-02-26;15;0;0;0
"2020-02-271";2020-02-27;15;0;0;0
"2020-02-281";2020-02-28;15;0;0;0
"2020-02-291";2020-02-29;15;0;0;0
"2020-03-011";2020-03-01;15;0;0;0
"2020-03-021";2020-03-02;15;0;0;0
"2020-03-031";2020-03-03;15;0;0;0
"2020-03-041";2020-03-04;15;2;0;0
"2020-03-051";2020-03-05;15;0;0;0
"2020-03-061";2020-03-06;15;0;0;0
"2020-03-071";2020-03-07;15;0;0;0
"2020-03-081";2020-03-08;15;0;0;0
"2020-03-091";2020-03-09;15;4;0;0
"2020-03-101";2020-03-10;15;1;0;0
"2020-03-111";2020-03-11;15;3;0;1
"2020-03-121";2020-03-12;15;8;0;5
"2020-03-131";2020-03-13;15;3;0;1
"2020-03-141";2020-03-14;15;1;0;3
"2020-03-151";2020-03-15;15;1;0;4
"2020-03-161";2020-03-16;15;9;0;3
"2020-03-171";2020-03-17;15;3;0;11
"2020-03-181";2020-03-18;15;5;0;16
"2020-03-191";2020-03-19;15;10;0;15
"2020-03-201";2020-03-20;15;7;0;17
"2020-03-211";2020-03-21;15;6;0;17
"2020-03-221";2020-03-22;15;2;0;10
"2020-03-231";2020-03-23;15;7;0;19
"2020-03-241";2020-03-24;15;6;0;8
"2020-03-251";2020-03-25;15;7;0;16
"2020-03-261";2020-03-26;15;10;0;13
"2020-03-271";2020-03-27;15;4;0;13
"2020-03-281";2020-03-28;15;2;0;20
"2020-03-291";2020-03-29;15;5;0;25
"2020-03-301";2020-03-30;15;5;0;10
"2020-03-311";2020-03-31;15;2;215;15
"2020-04-011";2020-04-01;15;1;227;14
"2020-04-021";2020-04-02;15;2;163;17
"2020-04-031";2020-04-03;15;3;161;15
"2020-04-041";2020-04-04;15;0;30;18
"2020-04-051";2020-04-05;15;0;15;15
"2020-04-061";2020-04-06;15;1;206;14
"2020-04-071";2020-04-07;15;1;144;15
"2020-04-081";2020-04-08;15;0;83;17
"2020-04-091";2020-04-09;15;0;43;19
"2020-04-101";2020-04-10;15;1;65;19
"2020-04-111";2020-04-11;15;1;66;21
"2020-04-121";2020-04-12;15;0;55;24
"2020-04-131";2020-04-13;15;0;64;16
"2020-04-141";2020-04-14;15;0;168;28
"2020-04-151";2020-04-15;15;1;149;11
"2020-04-161";2020-04-16;15;0;114;30
"2020-04-171";2020-04-17;15;1;133;28
"2020-04-181";2020-04-18;15;0;42;17
"2020-04-191";2020-04-19;15;0;37;20
"2020-04-201";2020-04-20;15;2;207;22
"2020-04-211";2020-04-21;15;0;201;19
"2020-04-221";2020-04-22;15;0;121;18
"2020-04-231";2020-04-23;15;0;155;27
"2020-04-241";2020-04-24;15;0;126;36
"2020-04-251";2020-04-25;15;1;44;31
"2020-04-261";2020-04-26;15;1;25;22
"2020-04-271";2020-04-27;15;1;199;24
"2020-04-281";2020-04-28;15;0;172;20
"2020-04-291";2020-04-29;15;0;155;16
"2020-04-301";2020-04-30;15;1;235;11
"2020-05-011";2020-05-01;15;0;59;19
"2020-05-021";2020-05-02;15;0;37;16
"2020-05-031";2020-05-03;15;0;37;22
"2020-05-041";2020-05-04;15;0;278;12
"2020-05-051";2020-05-05;15;1;211;10
"2020-05-061";2020-05-06;15;0;198;18
"2020-05-071";2020-05-07;15;0;196;18
"2020-05-081";2020-05-08;15;0;194;10
"2020-05-091";2020-05-09;15;1;27;12
"2020-05-101";2020-05-10;15;3;16;8
"2020-05-111";2020-05-11;15;0;244;13
"2020-05-121";2020-05-12;15;1;265;11
"2020-05-131";2020-05-13;15;0;261;7
"2020-05-141";2020-05-14;15;0;245;21
"2020-05-151";2020-05-15;15;1;268;10
"2020-05-161";2020-05-16;15;0;30;7
"2020-05-171";2020-05-17;15;0;29;15
"2020-05-181";2020-05-18;15;0;308;10
"2020-05-191";2020-05-19;15;0;213;7
"2020-05-201";2020-05-20;15;0;224;10
"2020-05-211";2020-05-21;15;0;37;9
"2020-05-221";2020-05-22;15;0;173;3
"2020-05-231";2020-05-23;15;0;31;3
"2020-05-241";2020-05-24;15;0;34;11
"2020-05-251";2020-05-25;15;0;217;9
"2020-05-261";2020-05-26;15;2;165;9
"2020-05-271";2020-05-27;15;0;153;4
"2020-05-281";2020-05-28;15;4;140;5
"2020-05-291";2020-05-29;15;6;125;5
"2020-05-301";2020-05-30;15;0;22;9
"2020-05-311";2020-05-31;15;0;33;7
"2020-06-011";2020-06-01;15;0;33;7
"2020-06-021";2020-06-02;15;0;256;2
"2020-06-031";2020-06-03;15;0;182;6
"2020-06-041";2020-06-04;15;0;142;5
"2020-06-051";2020-06-05;15;0;153;7
"2020-06-061";2020-06-06;15;0;28;3
"2020-06-071";2020-06-07;15;0;31;5
"2020-06-081";2020-06-08;15;1;243;6
"2020-06-091";2020-06-09;15;0;159;4
"2020-06-101";2020-06-10;15;0;263;4
"2020-06-111";2020-06-11;15;1;231;4
"2020-06-121";2020-06-12;15;0;220;9
"2020-06-131";2020-06-13;15;1;23;8
"2020-06-141";2020-06-14;15;0;35;2
"2020-06-151";2020-06-15;15;0;327;5
"2020-06-161";2020-06-16;15;0;239;3
"2020-06-171";2020-06-17;15;0;229;5
"2020-06-181";2020-06-18;15;0;161;4
"2020-06-191";2020-06-19;15;0;142;3
"2020-06-201";2020-06-20;15;0;20;4
"2020-06-211";2020-06-21;15;0;21;2
"2020-06-221";2020-06-22;15;0;202;4
"2020-06-231";2020-06-23;15;2;185;1
"2020-06-241";2020-06-24;15;0;197;2
"2020-06-251";2020-06-25;15;1;159;1
"2020-06-261";2020-06-26;15;3;152;1
"2020-06-271";2020-06-27;15;0;22;2
"2020-06-281";2020-06-28;15;0;17;0
"2020-06-291";2020-06-29;15;0;240;1
"2020-06-301";2020-06-30;15;0;199;2
"2020-07-011";2020-07-01;15;0;235;0
"2020-07-021";2020-07-02;15;0;203;3
"2020-07-031";2020-07-03;15;0;256;1
"2020-07-041";2020-07-04;15;0;54;0
"2020-07-051";2020-07-05;15;0;29;0
"2020-07-061";2020-07-06;15;0;292;0
"2020-07-071";2020-07-07;15;0;241;0
"2020-07-081";2020-07-08;15;0;248;3
"2020-07-091";2020-07-09;15;0;225;0
"2020-07-101";2020-07-10;15;0;209;2
"2020-07-111";2020-07-11;15;0;31;1
"2020-07-121";2020-07-12;15;0;28;0
"2020-07-131";2020-07-13;15;0;309;1
"2020-07-141";2020-07-14;15;0;254;0
"2020-07-151";2020-07-15;15;0;264;0
"2020-07-161";2020-07-16;15;0;186;1
"2020-07-171";2020-07-17;15;0;210;1
"2020-07-181";2020-07-18;15;0;26;0
"2020-07-191";2020-07-19;15;0;27;0
"2020-07-201";2020-07-20;15;0;330;1
"2020-07-211";2020-07-21;15;0;243;0
"2020-07-221";2020-07-22;15;0;281;1
"2020-07-231";2020-07-23;15;0;232;0
"2020-07-241";2020-07-24;15;0;246;1
"2020-07-251";2020-07-25;15;0;44;0
"2020-07-261";2020-07-26;15;0;28;0
"2020-07-271";2020-07-27;15;0;339;1
"2020-07-281";2020-07-28;15;0;281;2
"2020-07-291";2020-07-29;15;0;283;0
"2020-07-301";2020-07-30;15;0;269;0
"2020-07-311";2020-07-31;15;0;159;0
"2020-08-011";2020-08-01;15;1;68;0
"2020-08-021";2020-08-02;15;0;45;0
"2020-08-031";2020-08-03;15;0;544;0
"2020-08-041";2020-08-04;15;0;493;0
"2020-08-051";2020-08-05;15;2;464;0
"2020-08-061";2020-08-06;15;2;382;1
"2020-08-071";2020-08-07;15;1;460;0
"2020-08-081";2020-08-08;15;0;47;0
"2020-08-091";2020-08-09;15;0;41;0
"2020-08-101";2020-08-10;15;2;675;1
"2020-08-111";2020-08-11;15;1;671;1
"2020-08-121";2020-08-12;15;1;637;0
"2020-08-131";2020-08-13;15;2;517;1
"2020-08-141";2020-08-14;15;0;774;2
"2020-08-151";2020-08-15;15;0;77;0
"2020-08-161";2020-08-16;15;0;65;2
"2020-08-171";2020-08-17;15;1;1093;3
"2020-08-181";2020-08-18;15;2;760;6
"2020-08-191";2020-08-19;15;0;755;0
"2020-08-201";2020-08-20;15;1;520;2
"2020-08-211";2020-08-21;15;1;826;0
"2020-08-221";2020-08-22;15;1;81;1
"2020-08-231";2020-08-23;15;0;78;0
"2020-08-241";2020-08-24;15;3;1271;4
"2020-08-251";2020-08-25;15;0;1076;5
"2020-08-261";2020-08-26;15;1;869;2
"2020-08-271";2020-08-27;15;0;785;4
"2020-08-281";2020-08-28;15;1;737;2
"2020-08-291";2020-08-29;15;1;154;2
"2020-08-301";2020-08-30;15;0;94;1
"2020-08-311";2020-08-31;15;3;1270;3
"2020-09-011";2020-09-01;15;1;1024;1
"2020-09-021";2020-09-02;15;0;844;4
"2020-09-031";2020-09-03;15;0;747;2
"2020-09-041";2020-09-04;15;0;700;1
"2020-09-051";2020-09-05;15;2;98;2
"2020-09-061";2020-09-06;15;0;103;3
"2020-09-071";2020-09-07;15;2;1071;0
"2020-09-081";2020-09-08;15;0;855;1
"2020-09-091";2020-09-09;15;1;651;0
"2020-09-101";2020-09-10;15;1;587;0
"2020-09-111";2020-09-11;15;0;545;0
"2020-09-121";2020-09-12;15;0;154;3
"2020-09-131";2020-09-13;15;0;72;1
"2020-09-141";2020-09-14;15;2;1043;0
"2020-09-151";2020-09-15;15;3;878;0
"2020-09-161";2020-09-16;15;1;613;1
"2020-09-171";2020-09-17;15;1;617;0
"2020-09-181";2020-09-18;15;2;647;0
"2020-09-191";2020-09-19;15;0;135;1
"2020-09-201";2020-09-20;15;0;107;1
"2020-09-211";2020-09-21;15;0;1094;0
"2020-09-221";2020-09-22;15;0;667;1
"2020-09-231";2020-09-23;15;2;572;0
"2020-09-241";2020-09-24;15;0;546;0
"2020-09-251";2020-09-25;15;2;546;0
"2020-09-261";2020-09-26;15;3;128;0
"2020-09-271";2020-09-27;15;1;107;0
"2020-09-281";2020-09-28;15;5;906;2
"2020-09-291";2020-09-29;15;14;715;0
"2020-09-301";2020-09-30;15;10;801;0
"2020-10-011";2020-10-01;15;10;742;0
"2020-02-262";2020-02-26;18;0;0;0
"2020-02-272";2020-02-27;18;0;0;0
"2020-02-282";2020-02-28;18;0;0;0
"2020-02-292";2020-02-29;18;0;0;0
"2020-03-012";2020-03-01;18;0;0;0
"2020-03-022";2020-03-02;18;0;0;0
"2020-03-032";2020-03-03;18;0;0;0
"2020-03-042";2020-03-04;18;0;0;0
"2020-03-052";2020-03-05;18;3;0;0
"2020-03-062";2020-03-06;18;0;0;0
"2020-03-072";2020-03-07;18;0;0;0
"2020-03-082";2020-03-08;18;0;0;0
"2020-03-092";2020-03-09;18;1;0;0
"2020-03-102";2020-03-10;18;1;0;1
"2020-03-112";2020-03-11;18;3;0;1
"2020-03-122";2020-03-12;18;1;0;1
"2020-03-132";2020-03-13;18;1;0;2
"2020-03-142";2020-03-14;18;2;0;6
"2020-03-152";2020-03-15;18;0;0;9
"2020-03-162";2020-03-16;18;2;0;7
"2020-03-172";2020-03-17;18;4;0;18
"2020-03-182";2020-03-18;18;0;0;8
"2020-03-192";2020-03-19;18;0;0;10
"2020-03-202";2020-03-20;18;2;0;17
"2020-03-212";2020-03-21;18;2;0;10
"2020-03-222";2020-03-22;18;1;0;16
"2020-03-232";2020-03-23;18;5;0;13
"2020-03-242";2020-03-24;18;1;0;10
"2020-03-252";2020-03-25;18;8;0;12
"2020-03-262";2020-03-26;18;6;0;14
"2020-03-272";2020-03-27;18;3;0;13
"2020-03-282";2020-03-28;18;3;0;16
"2020-03-292";2020-03-29;18;1;0;10
"2020-03-302";2020-03-30;18;11;0;21
"2020-03-312";2020-03-31;18;4;149;9
"2020-04-012";2020-04-01;18;6;136;10
"2020-04-022";2020-04-02;18;2;173;21
"2020-04-032";2020-04-03;18;1;119;22
"2020-04-042";2020-04-04;18;1;25;15
"2020-04-052";2020-04-05;18;1;17;14
"2020-04-062";2020-04-06;18;5;165;13
"2020-04-072";2020-04-07;18;7;93;23
"2020-04-082";2020-04-08;18;3;76;20
"2020-04-092";2020-04-09;18;0;32;16
"2020-04-102";2020-04-10;18;3;26;17
"2020-04-112";2020-04-11;18;4;36;18
"2020-04-122";2020-04-12;18;0;18;24
"2020-04-132";2020-04-13;18;5;29;21
"2020-04-142";2020-04-14;18;4;145;20
"2020-04-152";2020-04-15;18;3;158;19
"2020-04-162";2020-04-16;18;0;176;36
"2020-04-172";2020-04-17;18;0;108;24
"2020-04-182";2020-04-18;18;1;20;23
"2020-04-192";2020-04-19;18;0;28;24
"2020-04-202";2020-04-20;18;0;184;20
"2020-04-212";2020-04-21;18;1;118;25
"2020-04-222";2020-04-22;18;1;119;29
"2020-04-232";2020-04-23;18;1;86;17
"2020-04-242";2020-04-24;18;1;140;18
"2020-04-252";2020-04-25;18;0;22;14
"2020-04-262";2020-04-26;18;0;17;18
"2020-04-272";2020-04-27;18;0;122;19
"2020-04-282";2020-04-28;18;0;150;15
"2020-04-292";2020-04-29;18;1;126;22
"2020-04-302";2020-04-30;18;0;131;21
"2020-05-012";2020-05-01;18;1;28;15
"2020-05-022";2020-05-02;18;0;23;10
"2020-05-032";2020-05-03;18;0;15;12
"2020-05-042";2020-05-04;18;0;128;13
"2020-05-052";2020-05-05;18;0;112;13
"2020-05-062";2020-05-06;18;0;115;11
"2020-05-072";2020-05-07;18;0;123;13
"2020-05-082";2020-05-08;18;0;95;5
"2020-05-092";2020-05-09;18;0;25;8
"2020-05-102";2020-05-10;18;0;17;6
"2020-05-112";2020-05-11;18;0;138;7
"2020-05-122";2020-05-12;18;1;177;9
"2020-05-132";2020-05-13;18;0;146;10
"2020-05-142";2020-05-14;18;0;98;7
"2020-05-152";2020-05-15;18;0;117;7
"2020-05-162";2020-05-16;18;0;26;5
"2020-05-172";2020-05-17;18;0;15;7
"2020-05-182";2020-05-18;18;0;121;2
"2020-05-192";2020-05-19;18;2;136;7
"2020-05-202";2020-05-20;18;1;120;3
"2020-05-212";2020-05-21;18;0;27;6
"2020-05-222";2020-05-22;18;0;95;5
"2020-05-232";2020-05-23;18;0;17;6
"2020-05-242";2020-05-24;18;0;16;3
"2020-05-252";2020-05-25;18;0;120;3
"2020-05-262";2020-05-26;18;0;103;3
"2020-05-272";2020-05-27;18;0;106;2
"2020-05-282";2020-05-28;18;0;88;6
"2020-05-292";2020-05-29;18;0;83;4
"2020-05-302";2020-05-30;18;0;18;5
"2020-05-312";2020-05-31;18;0;12;1
"2020-06-012";2020-06-01;18;0;21;2
"2020-06-022";2020-06-02;18;0;113;3
"2020-06-032";2020-06-03;18;0;89;3
"2020-06-042";2020-06-04;18;1;88;1
"2020-06-052";2020-06-05;18;0;69;2
"2020-06-062";2020-06-06;18;0;12;6
"2020-06-072";2020-06-07;18;0;20;5
"2020-06-082";2020-06-08;18;0;118;2
"2020-06-092";2020-06-09;18;0;118;3
"2020-06-102";2020-06-10;18;0;98;3
"2020-06-112";2020-06-11;18;0;119;2
"2020-06-122";2020-06-12;18;0;106;4
"2020-06-132";2020-06-13;18;0;12;0
"2020-06-142";2020-06-14;18;0;16;2
"2020-06-152";2020-06-15;18;0;153;1
"2020-06-162";2020-06-16;18;1;144;2
"2020-06-172";2020-06-17;18;0;146;1
"2020-06-182";2020-06-18;18;1;87;1
"2020-06-192";2020-06-19;18;1;95;3
"2020-06-202";2020-06-20;18;0;10;1
"2020-06-212";2020-06-21;18;0;14;1
"2020-06-222";2020-06-22;18;0;144;1
"2020-06-232";2020-06-23;18;0;138;1
"2020-06-242";2020-06-24;18;0;117;1
"2020-06-252";2020-06-25;18;1;92;2
"2020-06-262";2020-06-26;18;0;79;0
"2020-06-272";2020-06-27;18;0;48;3
"2020-06-282";2020-06-28;18;0;19;1
"2020-06-292";2020-06-29;18;1;171;1
"2020-06-302";2020-06-30;18;0;146;2
"2020-07-012";2020-07-01;18;0;151;2
"2020-07-022";2020-07-02;18;1;99;1
"2020-07-032";2020-07-03;18;0;121;1
"2020-07-042";2020-07-04;18;0;29;2
"2020-07-052";2020-07-05;18;0;22;2
"2020-07-062";2020-07-06;18;0;157;2
"2020-07-072";2020-07-07;18;0;138;2
"2020-07-082";2020-07-08;18;1;159;3
"2020-07-092";2020-07-09;18;0;120;1
"2020-07-102";2020-07-10;18;1;125;2
"2020-07-112";2020-07-11;18;0;17;2
"2020-07-122";2020-07-12;18;0;29;0
"2020-07-132";2020-07-13;18;0;203;1
"2020-07-142";2020-07-14;18;0;184;3
"2020-07-152";2020-07-15;18;0;159;0
"2020-07-162";2020-07-16;18;0;137;0
"2020-07-172";2020-07-17;18;0;127;0
"2020-07-182";2020-07-18;18;0;17;0
"2020-07-192";2020-07-19;18;0;45;2
"2020-07-202";2020-07-20;18;0;237;1
"2020-07-212";2020-07-21;18;0;165;0
"2020-07-222";2020-07-22;18;0;170;2
"2020-07-232";2020-07-23;18;0;193;1
"2020-07-242";2020-07-24;18;0;163;0
"2020-07-252";2020-07-25;18;0;28;2
"2020-07-262";2020-07-26;18;0;27;1
"2020-07-272";2020-07-27;18;1;261;0
"2020-07-282";2020-07-28;18;0;238;0
"2020-07-292";2020-07-29;18;0;208;0
"2020-07-302";2020-07-30;18;0;190;1
"2020-07-312";2020-07-31;18;1;187;1
"2020-08-012";2020-08-01;18;0;32;0
"2020-08-022";2020-08-02;18;0;42;0
"2020-08-032";2020-08-03;18;2;336;0
"2020-08-042";2020-08-04;18;3;256;0
"2020-08-052";2020-08-05;18;2;234;0
"2020-08-062";2020-08-06;18;0;303;0
"2020-08-072";2020-08-07;18;0;273;1
"2020-08-082";2020-08-08;18;0;39;2
"2020-08-092";2020-08-09;18;0;42;1
"2020-08-102";2020-08-10;18;2;478;2
"2020-08-112";2020-08-11;18;0;437;0
"2020-08-122";2020-08-12;18;3;407;0
"2020-08-132";2020-08-13;18;0;475;1
"2020-08-142";2020-08-14;18;2;488;3
"2020-08-152";2020-08-15;18;0;63;2
"2020-08-162";2020-08-16;18;0;95;2
"2020-08-172";2020-08-17;18;5;805;1
"2020-08-182";2020-08-18;18;5;763;2
"2020-08-192";2020-08-19;18;9;764;2
"2020-08-202";2020-08-20;18;2;722;1
"2020-08-212";2020-08-21;18;6;638;2
"2020-08-222";2020-08-22;18;1;139;1
"2020-08-232";2020-08-23;18;3;169;2
"2020-08-242";2020-08-24;18;1;930;0
"2020-08-252";2020-08-25;18;0;806;0
"2020-08-262";2020-08-26;18;4;705;1
"2020-08-272";2020-08-27;18;0;558;2
"2020-08-282";2020-08-28;18;0;506;0
"2020-08-292";2020-08-29;18;0;63;1
"2020-08-302";2020-08-30;18;0;113;1
"2020-08-312";2020-08-31;18;1;773;1
"2020-09-012";2020-09-01;18;2;683;2
"2020-09-022";2020-09-02;18;0;672;1
"2020-09-032";2020-09-03;18;0;583;0
"2020-09-042";2020-09-04;18;1;489;1
"2020-09-052";2020-09-05;18;0;50;1
"2020-09-062";2020-09-06;18;0;92;2
"2020-09-072";2020-09-07;18;1;738;0
"2020-09-082";2020-09-08;18;1;599;1
"2020-09-092";2020-09-09;18;2;438;0
"2020-09-102";2020-09-10;18;2;422;0
"2020-09-112";2020-09-11;18;5;431;0
"2020-09-122";2020-09-12;18;1;70;0
"2020-09-132";2020-09-13;18;0;117;1
"2020-09-142";2020-09-14;18;4;739;0
"2020-09-152";2020-09-15;18;2;647;0
"2020-09-162";2020-09-16;18;0;555;0
"2020-09-172";2020-09-17;18;1;471;0
"2020-09-182";2020-09-18;18;2;331;1
"2020-09-192";2020-09-19;18;1;39;0
"2020-09-202";2020-09-20;18;0;105;1
"2020-09-212";2020-09-21;18;1;663;0
"2020-09-222";2020-09-22;18;0;492;0
"2020-09-232";2020-09-23;18;0;440;0
"2020-09-242";2020-09-24;18;1;372;3
"2020-09-252";2020-09-25;18;1;318;1
"2020-09-262";2020-09-26;18;0;32;0
"2020-09-272";2020-09-27;18;0;100;1
"2020-09-282";2020-09-28;18;1;673;2
"2020-09-292";2020-09-29;18;1;414;1
"2020-09-302";2020-09-30;18;1;433;1
"2020-10-012";2020-10-01;18;3;339;0
"2020-02-263";2020-02-26;21;0;0;0
"2020-02-273";2020-02-27;21;0;0;0
"2020-02-283";2020-02-28;21;0;0;0
"2020-02-293";2020-02-29;21;0;0;0
"2020-03-013";2020-03-01;21;0;0;0
"2020-03-023";2020-03-02;21;0;0;0
"2020-03-033";2020-03-03;21;0;0;0
"2020-03-043";2020-03-04;21;0;0;0
"2020-03-053";2020-03-05;21;0;0;0
"2020-03-063";2020-03-06;21;0;0;0
"2020-03-073";2020-03-07;21;0;0;0
"2020-03-083";2020-03-08;21;0;0;0
"2020-03-093";2020-03-09;21;0;0;0
"2020-03-103";2020-03-10;21;0;0;0
"2020-03-113";2020-03-11;21;0;0;0
"2020-03-123";2020-03-12;21;0;0;0
"2020-03-133";2020-03-13;21;0;0;0
"2020-03-143";2020-03-14;21;0;0;0
"2020-03-153";2020-03-15;21;0;0;0
"2020-03-163";2020-03-16;21;0;0;0
"2020-03-173";2020-03-17;21;0;0;0
"2020-03-183";2020-03-18;21;0;0;0
"2020-03-193";2020-03-19;21;0;0;0
"2020-03-203";2020-03-20;21;0;0;0
"2020-03-213";2020-03-21;21;0;0;0
"2020-03-223";2020-03-22;21;0;0;0
"2020-03-233";2020-03-23;21;0;0;0
"2020-03-243";2020-03-24;21;0;0;0
"2020-03-253";2020-03-25;21;0;0;0
"2020-03-263";2020-03-26;21;0;0;0
"2020-03-273";2020-03-27;21;0;0;0
"2020-03-283";2020-03-28;21;0;0;0
"2020-03-293";2020-03-29;21;0;0;0
"2020-03-303";2020-03-30;21;0;0;0
"2020-03-313";2020-03-31;21;0;0;0
"2020-04-013";2020-04-01;21;0;0;0
"2020-04-023";2020-04-02;21;0;0;0
"2020-04-033";2020-04-03;21;0;0;0
"2020-04-043";2020-04-04;21;0;0;0
"2020-04-053";2020-04-05;21;0;0;0
"2020-04-063";2020-04-06;21;0;0;0
"2020-04-073";2020-04-07;21;0;0;0
"2020-04-083";2020-04-08;21;0;0;0
"2020-04-093";2020-04-09;21;0;0;0
"2020-04-103";2020-04-10;21;0;0;0
"2020-04-113";2020-04-11;21;0;0;0
"2020-04-123";2020-04-12;21;0;0;0
"2020-04-133";2020-04-13;21;0;0;0
"2020-04-143";2020-04-14;21;0;0;0
"2020-04-153";2020-04-15;21;0;0;0
"2020-04-163";2020-04-16;21;0;1;0
"2020-04-173";2020-04-17;21;0;0;0
"2020-04-183";2020-04-18;21;0;1;0
"2020-04-193";2020-04-19;21;0;0;0
"2020-04-203";2020-04-20;21;0;0;0
"2020-04-213";2020-04-21;21;0;0;0
"2020-04-223";2020-04-22;21;0;0;0
"2020-04-233";2020-04-23;21;0;0;0
"2020-04-243";2020-04-24;21;0;0;0
"2020-04-253";2020-04-25;21;0;0;0
"2020-04-263";2020-04-26;21;0;0;0
"2020-04-273";2020-04-27;21;0;0;0
"2020-04-283";2020-04-28;21;0;0;0
"2020-04-293";2020-04-29;21;0;0;0
"2020-04-303";2020-04-30;21;0;0;0
"2020-05-013";2020-05-01;21;0;0;0
"2020-05-023";2020-05-02;21;0;0;0
"2020-05-033";2020-05-03;21;0;0;0
"2020-05-043";2020-05-04;21;0;0;0
"2020-05-053";2020-05-05;21;0;0;0
"2020-05-063";2020-05-06;21;0;0;0
"2020-05-073";2020-05-07;21;0;0;0
"2020-05-083";2020-05-08;21;0;0;0
"2020-05-093";2020-05-09;21;0;0;0
"2020-05-103";2020-05-10;21;0;0;0
"2020-05-113";2020-05-11;21;0;0;0
"2020-05-123";2020-05-12;21;0;0;0
"2020-05-133";2020-05-13;21;0;0;0
"2020-05-143";2020-05-14;21;0;0;0
"2020-05-153";2020-05-15;21;0;0;0
"2020-05-163";2020-05-16;21;0;0;0
"2020-05-173";2020-05-17;21;0;0;0
"2020-05-183";2020-05-18;21;0;0;0
"2020-05-193";2020-05-19;21;0;0;0
"2020-05-203";2020-05-20;21;0;0;0
"2020-05-213";2020-05-21;21;0;0;0
"2020-05-223";2020-05-22;21;0;0;0
"2020-05-233";2020-05-23;21;0;0;0
"2020-05-243";2020-05-24;21;0;0;0
"2020-05-253";2020-05-25;21;0;0;0
"2020-05-263";2020-05-26;21;0;0;0
"2020-05-273";2020-05-27;21;0;0;0
"2020-05-283";2020-05-28;21;0;0;0
"2020-05-293";2020-05-29;21;0;0;0
"2020-05-303";2020-05-30;21;0;0;0
"2020-05-313";2020-05-31;21;0;0;0
"2020-06-013";2020-06-01;21;0;0;0
"2020-06-023";2020-06-02;21;0;0;0
"2020-06-033";2020-06-03;21;0;0;0
"2020-06-043";2020-06-04;21;0;0;0
"2020-06-053";2020-06-05;21;0;0;0
"2020-06-063";2020-06-06;21;0;0;0
"2020-06-073";2020-06-07;21;0;0;0
"2020-06-083";2020-06-08;21;0;0;0
"2020-06-093";2020-06-09;21;0;0;0
"2020-06-103";2020-06-10;21;0;0;0
"2020-06-113";2020-06-11;21;0;1;0
"2020-06-123";2020-06-12;21;0;0;0
"2020-06-133";2020-06-13;21;0;0;0
"2020-06-143";2020-06-14;21;0;0;0
"2020-06-153";2020-06-15;21;0;0;0
"2020-06-163";2020-06-16;21;0;0;0
"2020-06-173";2020-06-17;21;0;0;0
"2020-06-183";2020-06-18;21;0;0;0
"2020-06-193";2020-06-19;21;0;0;0
"2020-06-203";2020-06-20;21;0;0;0
"2020-06-213";2020-06-21;21;0;0;0
"2020-06-223";2020-06-22;21;0;0;0
"2020-06-233";2020-06-23;21;0;0;0
"2020-06-243";2020-06-24;21;0;0;0
"2020-06-253";2020-06-25;21;0;0;0
"2020-06-263";2020-06-26;21;0;0;0
"2020-06-273";2020-06-27;21;0;0;0
"2020-06-283";2020-06-28;21;0;0;0
"2020-06-293";2020-06-29;21;0;0;0
"2020-06-303";2020-06-30;21;0;0;0
"2020-07-013";2020-07-01;21;0;0;0
"2020-07-023";2020-07-02;21;0;0;0
"2020-07-033";2020-07-03;21;0;0;0
"2020-07-043";2020-07-04;21;0;0;0
"2020-07-053";2020-07-05;21;0;0;0
"2020-07-063";2020-07-06;21;0;0;0
"2020-07-073";2020-07-07;21;0;0;0
"2020-07-083";2020-07-08;21;0;0;0
"2020-07-093";2020-07-09;21;0;0;0
"2020-07-103";2020-07-10;21;0;0;0
"2020-07-113";2020-07-11;21;0;0;0
"2020-07-123";2020-07-12;21;0;0;0
"2020-07-133";2020-07-13;21;0;0;0
"2020-07-143";2020-07-14;21;0;0;0
"2020-07-153";2020-07-15;21;0;0;0
"2020-07-163";2020-07-16;21;0;0;0
"2020-07-173";2020-07-17;21;0;0;0
"2020-07-183";2020-07-18;21;0;0;0
"2020-07-193";2020-07-19;21;0;0;0
"2020-07-203";2020-07-20;21;0;0;0
"2020-07-213";2020-07-21;21;0;0;0
"2020-07-223";2020-07-22;21;0;0;0
"2020-07-233";2020-07-23;21;0;0;0
"2020-07-243";2020-07-24;21;0;0;0
"2020-07-253";2020-07-25;21;0;0;0
"2020-07-263";2020-07-26;21;0;0;0
"2020-07-273";2020-07-27;21;0;0;0
"2020-07-283";2020-07-28;21;0;0;0
"2020-07-293";2020-07-29;21;0;0;0
"2020-07-303";2020-07-30;21;0;1;0
"2020-07-313";2020-07-31;21;1;1;1
"2020-08-013";2020-08-01;21;0;0;0
"2020-08-023";2020-08-02;21;0;1;0
"2020-08-033";2020-08-03;21;0;0;0
"2020-08-043";2020-08-04;21;0;0;0
"2020-08-053";2020-08-05;21;0;0;0
"2020-08-063";2020-08-06;21;0;2;0
"2020-08-073";2020-08-07;21;0;0;0
"2020-08-083";2020-08-08;21;0;0;0
"2020-08-093";2020-08-09;21;0;0;0
"2020-08-103";2020-08-10;21;0;0;0
"2020-08-113";2020-08-11;21;0;2;0
"2020-08-123";2020-08-12;21;0;1;0
"2020-08-133";2020-08-13;21;0;1;0
"2020-08-143";2020-08-14;21;0;0;0
"2020-08-153";2020-08-15;21;0;0;0
"2020-08-163";2020-08-16;21;0;0;0
"2020-08-173";2020-08-17;21;0;0;0
"2020-08-183";2020-08-18;21;0;0;0
"2020-08-193";2020-08-19;21;0;0;0
"2020-08-203";2020-08-20;21;0;0;0
"2020-08-213";2020-08-21;21;0;0;0
"2020-08-223";2020-08-22;21;0;0;0
"2020-08-233";2020-08-23;21;0;1;0
"2020-08-243";2020-08-24;21;0;0;0
"2020-08-253";2020-08-25;21;0;0;0
"2020-08-263";2020-08-26;21;0;0;0
"2020-08-273";2020-08-27;21;0;0;0
"2020-08-283";2020-08-28;21;0;0;0
"2020-08-293";2020-08-29;21;0;0;0
"2020-08-303";2020-08-30;21;0;0;0
"2020-08-313";2020-08-31;21;0;0;0
"2020-09-013";2020-09-01;21;0;1;0
"2020-09-023";2020-09-02;21;0;3;0
"2020-09-033";2020-09-03;21;0;0;0
"2020-09-043";2020-09-04;21;0;0;0
"2020-09-053";2020-09-05;21;0;0;0
"2020-09-063";2020-09-06;21;0;1;0
"2020-09-073";2020-09-07;21;0;1;0
"2020-09-083";2020-09-08;21;0;0;0
"2020-09-093";2020-09-09;21;0;0;0
"2020-09-103";2020-09-10;21;0;0;0
"2020-09-113";2020-09-11;21;0;0;0
"2020-09-123";2020-09-12;21;0;0;0
"2020-09-133";2020-09-13;21;0;0;0
"2020-09-143";2020-09-14;21;0;0;0
"2020-09-153";2020-09-15;21;0;0;0
"2020-09-163";2020-09-16;21;0;0;0
"2020-09-173";2020-09-17;21;0;0;0
"2020-09-183";2020-09-18;21;0;0;0
"2020-09-193";2020-09-19;21;0;0;0
"2020-09-203";2020-09-20;21;0;0;0
"2020-09-213";2020-09-21;21;0;1;0
"2020-09-223";2020-09-22;21;0;0;0
"2020-09-233";2020-09-23;21;0;0;0
"2020-09-243";2020-09-24;21;0;0;0
"2020-09-253";2020-09-25;21;0;0;0
"2020-09-263";2020-09-26;21;0;0;0
"2020-09-273";2020-09-27;21;0;0;0
"2020-09-283";2020-09-28;21;0;0;0
"2020-09-293";2020-09-29;21;0;1;0
"2020-09-303";2020-09-30;21;0;0;0
"2020-10-013";2020-10-01;21;0;0;0
"2020-02-264";2020-02-26;3;2;0;1
"2020-02-274";2020-02-27;3;1;0;0
"2020-02-284";2020-02-28;3;0;0;0
"2020-02-294";2020-02-29;3;4;0;3
"2020-03-014";2020-03-01;3;0;0;0
"2020-03-024";2020-03-02;3;3;0;1
"2020-03-034";2020-03-03;3;5;0;4
"2020-03-044";2020-03-04;3;2;0;0
"2020-03-054";2020-03-05;3;2;0;0
"2020-03-064";2020-03-06;3;10;0;4
"2020-03-074";2020-03-07;3;4;0;0
"2020-03-084";2020-03-08;3;13;0;8
"2020-03-094";2020-03-09;3;45;0;4
"2020-03-104";2020-03-10;3;70;0;10
"2020-03-114";2020-03-11;3;45;0;19
"2020-03-124";2020-03-12;3;49;0;31
"2020-03-134";2020-03-13;3;25;0;58
"2020-03-144";2020-03-14;3;22;0;87
"2020-03-154";2020-03-15;3;20;0;82
"2020-03-164";2020-03-16;3;31;0;116
"2020-03-174";2020-03-17;3;41;0;156
"2020-03-184";2020-03-18;3;48;0;199
"2020-03-194";2020-03-19;3;48;0;211
"2020-03-204";2020-03-20;3;90;0;185
"2020-03-214";2020-03-21;3;53;0;190
"2020-03-224";2020-03-22;3;55;0;185
"2020-03-234";2020-03-23;3;75;0;211
"2020-03-244";2020-03-24;3;94;0;205
"2020-03-254";2020-03-25;3;86;0;191
"2020-03-264";2020-03-26;3;108;0;218
"2020-03-274";2020-03-27;3;97;0;241
"2020-03-284";2020-03-28;3;53;0;222
"2020-03-294";2020-03-29;3;39;0;220
"2020-03-304";2020-03-30;3;80;0;241
"2020-03-314";2020-03-31;3;75;283;240
"2020-04-014";2020-04-01;3;68;334;260
"2020-04-024";2020-04-02;3;78;341;260
"2020-04-034";2020-04-03;3;61;298;264
"2020-04-044";2020-04-04;3;36;190;282
"2020-04-054";2020-04-05;3;27;203;293
"2020-04-064";2020-04-06;3;49;318;275
"2020-04-074";2020-04-07;3;53;295;296
"2020-04-084";2020-04-08;3;42;293;297
"2020-04-094";2020-04-09;3;49;203;304
"2020-04-104";2020-04-10;3;30;210;310
"2020-04-114";2020-04-11;3;38;183;310
"2020-04-124";2020-04-12;3;33;196;315
"2020-04-134";2020-04-13;3;32;155;325
"2020-04-144";2020-04-14;3;41;335;320
"2020-04-154";2020-04-15;3;44;426;325
"2020-04-164";2020-04-16;3;24;399;348
"2020-04-174";2020-04-17;3;37;409;377
"2020-04-184";2020-04-18;3;17;178;393
"2020-04-194";2020-04-19;3;26;182;360
"2020-04-204";2020-04-20;3;37;331;396
"2020-04-214";2020-04-21;3;30;429;410
"2020-04-224";2020-04-22;3;36;422;380
"2020-04-234";2020-04-23;3;13;461;365
"2020-04-244";2020-04-24;3;15;424;328
"2020-04-254";2020-04-25;3;9;169;323
"2020-04-264";2020-04-26;3;19;159;268
"2020-04-274";2020-04-27;3;18;464;242
"2020-04-284";2020-04-28;3;19;469;201
"2020-04-294";2020-04-29;3;12;517;211
"2020-04-304";2020-04-30;3;13;649;214
"2020-05-014";2020-05-01;3;22;273;175
"2020-05-024";2020-05-02;3;8;252;172
"2020-05-034";2020-05-03;3;22;181;169
"2020-05-044";2020-05-04;3;16;510;141
"2020-05-054";2020-05-05;3;19;519;115
"2020-05-064";2020-05-06;3;14;540;110
"2020-05-074";2020-05-07;3;11;486;125
"2020-05-084";2020-05-08;3;18;441;114
"2020-05-094";2020-05-09;3;4;221;106
"2020-05-104";2020-05-10;3;4;177;104
"2020-05-114";2020-05-11;3;7;544;80
"2020-05-124";2020-05-12;3;4;596;83
"2020-05-134";2020-05-13;3;5;559;72
"2020-05-144";2020-05-14;3;9;499;91
"2020-05-154";2020-05-15;3;5;528;79
"2020-05-164";2020-05-16;3;3;265;61
"2020-05-174";2020-05-17;3;1;77;55
"2020-05-184";2020-05-18;3;5;545;49
"2020-05-194";2020-05-19;3;5;606;57
"2020-05-204";2020-05-20;3;6;515;45
"2020-05-214";2020-05-21;3;11;214;56
"2020-05-224";2020-05-22;3;11;406;44
"2020-05-234";2020-05-23;3;6;171;37
"2020-05-244";2020-05-24;3;3;176;36
"2020-05-254";2020-05-25;3;5;570;27
"2020-05-264";2020-05-26;3;2;496;34
"2020-05-274";2020-05-27;3;6;466;22
"2020-05-284";2020-05-28;3;6;393;30
"2020-05-294";2020-05-29;3;3;419;19
"2020-05-304";2020-05-30;3;0;159;17
"2020-05-314";2020-05-31;3;2;110;17
"2020-06-014";2020-06-01;3;4;175;11
"2020-06-024";2020-06-02;3;24;542;14
"2020-06-034";2020-06-03;3;5;463;14
"2020-06-044";2020-06-04;3;15;490;10
"2020-06-054";2020-06-05;3;21;475;20
"2020-06-064";2020-06-06;3;6;227;22
"2020-06-074";2020-06-07;3;8;243;15
"2020-06-084";2020-06-08;3;5;2024;15
"2020-06-094";2020-06-09;3;8;1610;14
"2020-06-104";2020-06-10;3;13;833;10
"2020-06-114";2020-06-11;3;6;869;19
"2020-06-124";2020-06-12;3;6;794;13
"2020-06-134";2020-06-13;3;4;336;13
"2020-06-144";2020-06-14;3;6;371;11
"2020-06-154";2020-06-15;3;7;719;7
"2020-06-164";2020-06-16;3;23;861;12
"2020-06-174";2020-06-17;3;4;817;10
"2020-06-184";2020-06-18;3;7;884;16
"2020-06-194";2020-06-19;3;7;685;16
"2020-06-204";2020-06-20;3;5;273;11
"2020-06-214";2020-06-21;3;2;254;12
"2020-06-224";2020-06-22;3;7;737;9
"2020-06-234";2020-06-23;3;6;777;6
"2020-06-244";2020-06-24;3;6;716;14
"2020-06-254";2020-06-25;3;5;792;9
"2020-06-264";2020-06-26;3;5;648;11
"2020-06-274";2020-06-27;3;7;272;6
"2020-06-284";2020-06-28;3;1;228;3
"2020-06-294";2020-06-29;3;6;785;2
"2020-06-304";2020-06-30;3;6;817;4
"2020-07-014";2020-07-01;3;3;778;7
"2020-07-024";2020-07-02;3;3;758;1
"2020-07-034";2020-07-03;3;4;656;6
"2020-07-044";2020-07-04;3;1;342;1
"2020-07-054";2020-07-05;3;0;290;3
"2020-07-064";2020-07-06;3;1;836;3
"2020-07-074";2020-07-07;3;3;859;4
"2020-07-084";2020-07-08;3;5;808;1
"2020-07-094";2020-07-09;3;4;891;1
"2020-07-104";2020-07-10;3;4;723;1
"2020-07-114";2020-07-11;3;4;347;6
"2020-07-124";2020-07-12;3;0;264;3
"2020-07-134";2020-07-13;3;6;902;2
"2020-07-144";2020-07-14;3;3;870;0
"2020-07-154";2020-07-15;3;4;735;4
"2020-07-164";2020-07-16;3;2;736;3
"2020-07-174";2020-07-17;3;5;583;2
"2020-07-184";2020-07-18;3;1;300;3
"2020-07-194";2020-07-19;3;3;278;0
"2020-07-204";2020-07-20;3;5;729;2
"2020-07-214";2020-07-21;3;2;757;0
"2020-07-224";2020-07-22;3;3;660;1
"2020-07-234";2020-07-23;3;2;669;4
"2020-07-244";2020-07-24;3;5;634;1
"2020-07-254";2020-07-25;3;4;335;3
"2020-07-264";2020-07-26;3;0;284;0
"2020-07-274";2020-07-27;3;7;849;0
"2020-07-284";2020-07-28;3;5;820;1
"2020-07-294";2020-07-29;3;7;916;2
"2020-07-304";2020-07-30;3;9;811;3
"2020-07-314";2020-07-31;3;14;661;3
"2020-08-014";2020-08-01;3;2;373;6
"2020-08-024";2020-08-02;3;7;400;6
"2020-08-034";2020-08-03;3;12;946;1
"2020-08-044";2020-08-04;3;16;1055;4
"2020-08-054";2020-08-05;3;25;1077;4
"2020-08-064";2020-08-06;3;22;1059;7
"2020-08-074";2020-08-07;3;25;1093;6
"2020-08-084";2020-08-08;3;11;579;14
"2020-08-094";2020-08-09;3;9;542;12
"2020-08-104";2020-08-10;3;15;1473;7
"2020-08-114";2020-08-11;3;9;1589;11
"2020-08-124";2020-08-12;3;16;1512;9
"2020-08-134";2020-08-13;3;21;1804;22
"2020-08-144";2020-08-14;3;23;1585;17
"2020-08-154";2020-08-15;3;17;1073;16
"2020-08-164";2020-08-16;3;7;1042;14
"2020-08-174";2020-08-17;3;17;2259;10
"2020-08-184";2020-08-18;3;23;2043;23
"2020-08-194";2020-08-19;3;20;1835;24
"2020-08-204";2020-08-20;3;16;1995;25
"2020-08-214";2020-08-21;3;16;2176;20
"2020-08-224";2020-08-22;3;13;1598;13
"2020-08-234";2020-08-23;3;9;1407;19
"2020-08-244";2020-08-24;3;28;2242;14
"2020-08-254";2020-08-25;3;20;2664;9
"2020-08-264";2020-08-26;3;10;2736;16
"2020-08-274";2020-08-27;3;16;2372;9
"2020-08-284";2020-08-28;3;25;1917;8
"2020-08-294";2020-08-29;3;12;1095;7
"2020-08-304";2020-08-30;3;11;1182;8
"2020-08-314";2020-08-31;3;27;2252;4
"2020-09-014";2020-09-01;3;26;2388;3
"2020-09-024";2020-09-02;3;23;2184;5
"2020-09-034";2020-09-03;3;17;2270;6
"2020-09-044";2020-09-04;3;19;1792;7
"2020-09-054";2020-09-05;3;18;1000;5
"2020-09-064";2020-09-06;3;14;978;4
"2020-09-074";2020-09-07;3;32;1822;3
"2020-09-084";2020-09-08;3;34;1874;4
"2020-09-094";2020-09-09;3;32;1833;5
"2020-09-104";2020-09-10;3;45;1648;6
"2020-09-114";2020-09-11;3;29;1503;1
"2020-09-124";2020-09-12;3;25;923;3
"2020-09-134";2020-09-13;3;24;1023;3
"2020-09-144";2020-09-14;3;36;1831;1
"2020-09-154";2020-09-15;3;59;1593;2
"2020-09-164";2020-09-16;3;53;1531;4
"2020-09-174";2020-09-17;3;52;1423;1
"2020-09-184";2020-09-18;3;39;1737;3
"2020-09-194";2020-09-19;3;18;1049;2
"2020-09-204";2020-09-20;3;26;971;0
"2020-09-214";2020-09-21;3;58;1971;0
"2020-09-224";2020-09-22;3;48;1849;2
"2020-09-234";2020-09-23;3;55;1878;1
"2020-09-244";2020-09-24;3;45;1550;1
"2020-09-254";2020-09-25;3;50;1564;2
"2020-09-264";2020-09-26;3;29;896;1
"2020-09-274";2020-09-27;3;31;930;0
"2020-09-284";2020-09-28;3;44;1795;0
"2020-09-294";2020-09-29;3;42;1380;2
"2020-09-304";2020-09-30;3;38;1750;2
"2020-10-014";2020-10-01;3;42;1331;1
"2020-02-265";2020-02-26;30;1;0;0
"2020-02-275";2020-02-27;30;0;0;0
"2020-02-285";2020-02-28;30;4;0;2
"2020-02-295";2020-02-29;30;0;0;0
"2020-03-015";2020-03-01;30;1;0;0
"2020-03-025";2020-03-02;30;2;0;1
"2020-03-035";2020-03-03;30;8;0;0
"2020-03-045";2020-03-04;30;6;0;2
"2020-03-055";2020-03-05;30;5;0;3
"2020-03-065";2020-03-06;30;9;0;3
"2020-03-075";2020-03-07;30;4;0;1
"2020-03-085";2020-03-08;30;19;0;7
"2020-03-095";2020-03-09;30;72;0;8
"2020-03-105";2020-03-10;30;45;0;11
"2020-03-115";2020-03-11;30;43;0;12
"2020-03-125";2020-03-12;30;56;0;27
"2020-03-135";2020-03-13;30;56;0;34
"2020-03-145";2020-03-14;30;40;0;62
"2020-03-155";2020-03-15;30;30;0;75
"2020-03-165";2020-03-16;30;60;0;107
"2020-03-175";2020-03-17;30;66;0;153
"2020-03-185";2020-03-18;30;68;0;170
"2020-03-195";2020-03-19;30;65;0;183
"2020-03-205";2020-03-20;30;72;0;129
"2020-03-215";2020-03-21;30;52;0;164
"2020-03-225";2020-03-22;30;54;0;172
"2020-03-235";2020-03-23;30;70;0;156
"2020-03-245";2020-03-24;30;93;0;149
"2020-03-255";2020-03-25;30;80;0;173
"2020-03-265";2020-03-26;30;60;0;165
"2020-03-275";2020-03-27;30;66;0;156
"2020-03-285";2020-03-28;30;38;0;177
"2020-03-295";2020-03-29;30;41;0;231
"2020-03-305";2020-03-30;30;77;0;166
"2020-03-315";2020-03-31;30;56;495;169
"2020-04-015";2020-04-01;30;57;536;202
"2020-04-025";2020-04-02;30;52;498;230
"2020-04-035";2020-04-03;30;42;544;230
"2020-04-045";2020-04-04;30;29;283;242
"2020-04-055";2020-04-05;30;25;235;211
"2020-04-065";2020-04-06;30;39;505;211
"2020-04-075";2020-04-07;30;36;440;249
"2020-04-085";2020-04-08;30;25;417;268
"2020-04-095";2020-04-09;30;26;227;251
"2020-04-105";2020-04-10;30;17;267;256
"2020-04-115";2020-04-11;30;19;280;253
"2020-04-125";2020-04-12;30;22;256;272
"2020-04-135";2020-04-13;30;21;267;260
"2020-04-145";2020-04-14;30;25;567;268
"2020-04-155";2020-04-15;30;22;561;254
"2020-04-165";2020-04-16;30;16;557;295
"2020-04-175";2020-04-17;30;36;556;269
"2020-04-185";2020-04-18;30;8;225;289
"2020-04-195";2020-04-19;30;4;209;322
"2020-04-205";2020-04-20;30;23;683;327
"2020-04-215";2020-04-21;30;16;620;320
"2020-04-225";2020-04-22;30;18;620;312
"2020-04-235";2020-04-23;30;13;609;300
"2020-04-245";2020-04-24;30;13;653;266
"2020-04-255";2020-04-25;30;3;226;272
"2020-04-265";2020-04-26;30;4;221;252
"2020-04-275";2020-04-27;30;18;749;258
"2020-04-285";2020-04-28;30;16;901;252
"2020-04-295";2020-04-29;30;7;847;237
"2020-04-305";2020-04-30;30;10;973;217
"2020-05-015";2020-05-01;30;3;322;225
"2020-05-025";2020-05-02;30;7;324;201
"2020-05-035";2020-05-03;30;9;289;188
"2020-05-045";2020-05-04;30;18;964;153
"2020-05-055";2020-05-05;30;13;818;159
"2020-05-065";2020-05-06;30;11;872;138
"2020-05-075";2020-05-07;30;12;765;144
"2020-05-085";2020-05-08;30;18;754;135
"2020-05-095";2020-05-09;30;3;267;147
"2020-05-105";2020-05-10;30;1;225;148
"2020-05-115";2020-05-11;30;9;950;129
"2020-05-125";2020-05-12;30;7;1071;118
"2020-05-135";2020-05-13;30;10;955;129
"2020-05-145";2020-05-14;30;7;870;112
"2020-05-155";2020-05-15;30;10;874;103
"2020-05-165";2020-05-16;30;6;267;81
"2020-05-175";2020-05-17;30;2;161;84
"2020-05-185";2020-05-18;30;10;938;88
"2020-05-195";2020-05-19;30;7;1056;96
"2020-05-205";2020-05-20;30;8;901;91
"2020-05-215";2020-05-21;30;1;244;82
"2020-05-225";2020-05-22;30;10;726;76
"2020-05-235";2020-05-23;30;0;239;54
"2020-05-245";2020-05-24;30;3;199;69
"2020-05-255";2020-05-25;30;8;904;61
"2020-05-265";2020-05-26;30;4;655;57
"2020-05-275";2020-05-27;30;8;702;53
"2020-05-285";2020-05-28;30;3;625;52
"2020-05-295";2020-05-29;30;3;570;48
"2020-05-305";2020-05-30;30;0;176;53
"2020-05-315";2020-05-31;30;2;159;51
"2020-06-015";2020-06-01;30;2;143;38
"2020-06-025";2020-06-02;30;3;837;39
"2020-06-035";2020-06-03;30;5;711;37
"2020-06-045";2020-06-04;30;1;614;31
"2020-06-055";2020-06-05;30;4;649;47
"2020-06-065";2020-06-06;30;2;237;36
"2020-06-075";2020-06-07;30;0;232;38
"2020-06-085";2020-06-08;30;7;1251;39
"2020-06-095";2020-06-09;30;4;1204;30
"2020-06-105";2020-06-10;30;1;1050;29
"2020-06-115";2020-06-11;30;3;1159;27
"2020-06-125";2020-06-12;30;6;1044;25
"2020-06-135";2020-06-13;30;2;288;26
"2020-06-145";2020-06-14;30;0;216;22
"2020-06-155";2020-06-15;30;9;1380;25
"2020-06-165";2020-06-16;30;9;1172;14
"2020-06-175";2020-06-17;30;7;1094;26
"2020-06-185";2020-06-18;30;5;1101;31
"2020-06-195";2020-06-19;30;4;859;16
"2020-06-205";2020-06-20;30;1;225;20
"2020-06-215";2020-06-21;30;1;212;21
"2020-06-225";2020-06-22;30;14;1077;18
"2020-06-235";2020-06-23;30;5;951;15
"2020-06-245";2020-06-24;30;15;946;23
"2020-06-255";2020-06-25;30;8;874;25
"2020-06-265";2020-06-26;30;14;992;13
"2020-06-275";2020-06-27;30;3;291;15
"2020-06-285";2020-06-28;30;0;293;17
"2020-06-295";2020-06-29;30;17;1309;17
"2020-06-305";2020-06-30;30;2;1081;7
"2020-07-015";2020-07-01;30;3;1220;12
"2020-07-025";2020-07-02;30;3;1110;11
"2020-07-035";2020-07-03;30;5;1048;13
"2020-07-045";2020-07-04;30;1;386;10
"2020-07-055";2020-07-05;30;0;305;10
"2020-07-065";2020-07-06;30;11;1359;8
"2020-07-075";2020-07-07;30;4;1119;9
"2020-07-085";2020-07-08;30;3;1202;10
"2020-07-095";2020-07-09;30;1;1068;10
"2020-07-105";2020-07-10;30;4;991;7
"2020-07-115";2020-07-11;30;0;335;8
"2020-07-125";2020-07-12;30;2;342;13
"2020-07-135";2020-07-13;30;7;1384;6
"2020-07-145";2020-07-14;30;4;1105;12
"2020-07-155";2020-07-15;30;1;1174;9
"2020-07-165";2020-07-16;30;0;985;10
"2020-07-175";2020-07-17;30;1;873;7
"2020-07-185";2020-07-18;30;0;375;4
"2020-07-195";2020-07-19;30;0;320;5
"2020-07-205";2020-07-20;30;11;1176;5
"2020-07-215";2020-07-21;30;0;959;11
"2020-07-225";2020-07-22;30;11;917;4
"2020-07-235";2020-07-23;30;3;880;4
"2020-07-245";2020-07-24;30;14;867;11
"2020-07-255";2020-07-25;30;0;445;1
"2020-07-265";2020-07-26;30;6;410;4
"2020-07-275";2020-07-27;30;7;1444;9
"2020-07-285";2020-07-28;30;5;1210;8
"2020-07-295";2020-07-29;30;8;1166;6
"2020-07-305";2020-07-30;30;5;1155;9
"2020-07-315";2020-07-31;30;10;1170;8
"2020-08-015";2020-08-01;30;7;536;6
"2020-08-025";2020-08-02;30;3;529;5
"2020-08-035";2020-08-03;30;8;1895;7
"2020-08-045";2020-08-04;30;16;1442;16
"2020-08-055";2020-08-05;30;19;1676;8
"2020-08-065";2020-08-06;30;29;1543;12
"2020-08-075";2020-08-07;30;43;1618;8
"2020-08-085";2020-08-08;30;16;837;12
"2020-08-095";2020-08-09;30;18;890;8
"2020-08-105";2020-08-10;30;23;2611;12
"2020-08-115";2020-08-11;30;19;2649;11
"2020-08-125";2020-08-12;30;17;2762;12
"2020-08-135";2020-08-13;30;13;2675;19
"2020-08-145";2020-08-14;30;18;2818;18
"2020-08-155";2020-08-15;30;13;1289;21
"2020-08-165";2020-08-16;30;8;1059;14
"2020-08-175";2020-08-17;30;30;2969;22
"2020-08-185";2020-08-18;30;10;3097;29
"2020-08-195";2020-08-19;30;9;3100;26
"2020-08-205";2020-08-20;30;11;2955;22
"2020-08-215";2020-08-21;30;6;2745;22
"2020-08-225";2020-08-22;30;11;1144;18
"2020-08-235";2020-08-23;30;0;1311;16
"2020-08-245";2020-08-24;30;11;3686;10
"2020-08-255";2020-08-25;30;6;3641;14
"2020-08-265";2020-08-26;30;7;3483;15
"2020-08-275";2020-08-27;30;12;3256;12
"2020-08-285";2020-08-28;30;23;2906;11
"2020-08-295";2020-08-29;30;15;1284;11
"2020-08-305";2020-08-30;30;14;1228;12
"2020-08-315";2020-08-31;30;57;2865;14
"2020-09-015";2020-09-01;30;55;3099;9
"2020-09-025";2020-09-02;30;49;2989;10
"2020-09-035";2020-09-03;30;72;2178;10
"2020-09-045";2020-09-04;30;55;1937;10
"2020-09-055";2020-09-05;30;33;1147;10
"2020-09-065";2020-09-06;30;18;1256;6
"2020-09-075";2020-09-07;30;40;3099;3
"2020-09-085";2020-09-08;30;32;3316;8
"2020-09-095";2020-09-09;30;35;3005;7
"2020-09-105";2020-09-10;30;26;2645;5
"2020-09-115";2020-09-11;30;34;2829;7
"2020-09-125";2020-09-12;30;15;1590;4
"2020-09-135";2020-09-13;30;12;1177;6
"2020-09-145";2020-09-14;30;17;3424;3
"2020-09-155";2020-09-15;30;24;2910;4
"2020-09-165";2020-09-16;30;43;2735;2
"2020-09-175";2020-09-17;30;24;2401;2
"2020-09-185";2020-09-18;30;21;2388;3
"2020-09-195";2020-09-19;30;18;1306;7
"2020-09-205";2020-09-20;30;16;1032;5
"2020-09-215";2020-09-21;30;26;3302;4
"2020-09-225";2020-09-22;30;21;2834;2
"2020-09-235";2020-09-23;30;33;2522;2
"2020-09-245";2020-09-24;30;30;2441;2
"2020-09-255";2020-09-25;30;27;2333;5
"2020-09-265";2020-09-26;30;4;1152;3
"2020-09-275";2020-09-27;30;9;973;1
"2020-09-285";2020-09-28;30;20;2813;1
"2020-09-295";2020-09-29;30;17;2338;1
"2020-09-305";2020-09-30;30;15;2264;2
"2020-10-015";2020-10-01;30;29;1937;4
"2020-02-266";2020-02-26;34;0;0;0
"2020-02-276";2020-02-27;34;0;0;0
"2020-02-286";2020-02-28;34;0;0;0
"2020-02-296";2020-02-29;34;0;0;0
"2020-03-016";2020-03-01;34;3;0;2
"2020-03-026";2020-03-02;34;0;0;0
"2020-03-036";2020-03-03;34;1;0;0
"2020-03-046";2020-03-04;34;3;0;1
"2020-03-056";2020-03-05;34;7;0;7
"2020-03-066";2020-03-06;34;0;0;0
"2020-03-076";2020-03-07;34;4;0;3
"2020-03-086";2020-03-08;34;1;0;0
"2020-03-096";2020-03-09;34;12;0;2
"2020-03-106";2020-03-10;34;23;0;3
"2020-03-116";2020-03-11;34;8;0;2
"2020-03-126";2020-03-12;34;15;0;6
"2020-03-136";2020-03-13;34;12;0;4
"2020-03-146";2020-03-14;34;10;0;16
"2020-03-156";2020-03-15;34;8;0;27
"2020-03-166";2020-03-16;34;14;0;25
"2020-03-176";2020-03-17;34;8;0;45
"2020-03-186";2020-03-18;34;13;0;47
"2020-03-196";2020-03-19;34;26;0;32
"2020-03-206";2020-03-20;34;17;0;23
"2020-03-216";2020-03-21;34;9;0;39
"2020-03-226";2020-03-22;34;3;0;32
"2020-03-236";2020-03-23;34;23;0;26
"2020-03-246";2020-03-24;34;28;0;36
"2020-03-256";2020-03-25;34;8;0;34
"2020-03-266";2020-03-26;34;24;0;25
"2020-03-276";2020-03-27;34;13;0;32
"2020-03-286";2020-03-28;34;11;0;36
"2020-03-296";2020-03-29;34;1;0;36
"2020-03-306";2020-03-30;34;11;0;36
"2020-03-316";2020-03-31;34;15;99;32
"2020-04-016";2020-04-01;34;11;242;43
"2020-04-026";2020-04-02;34;5;197;45
"2020-04-036";2020-04-03;34;6;212;39
"2020-04-046";2020-04-04;34;5;81;57
"2020-04-056";2020-04-05;34;2;69;50
"2020-04-066";2020-04-06;34;11;208;58
"2020-04-076";2020-04-07;34;5;183;53
"2020-04-086";2020-04-08;34;3;151;67
"2020-04-096";2020-04-09;34;1;51;58
"2020-04-106";2020-04-10;34;1;77;53
"2020-04-116";2020-04-11;34;3;73;60
"2020-04-126";2020-04-12;34;1;77;54
"2020-04-136";2020-04-13;34;2;91;70
"2020-04-146";2020-04-14;34;4;217;64
"2020-04-156";2020-04-15;34;3;197;67
"2020-04-166";2020-04-16;34;4;161;78
"2020-04-176";2020-04-17;34;3;177;54
"2020-04-186";2020-04-18;34;2;52;60
"2020-04-196";2020-04-19;34;1;59;82
"2020-04-206";2020-04-20;34;3;230;67
"2020-04-216";2020-04-21;34;3;184;67
"2020-04-226";2020-04-22;34;3;212;66
"2020-04-236";2020-04-23;34;1;155;69
"2020-04-246";2020-04-24;34;5;185;69
"2020-04-256";2020-04-25;34;0;68;81
"2020-04-266";2020-04-26;34;1;55;54
"2020-04-276";2020-04-27;34;4;248;67
"2020-04-286";2020-04-28;34;2;266;62
"2020-04-296";2020-04-29;34;6;264;68
"2020-04-306";2020-04-30;34;1;284;57
"2020-05-016";2020-05-01;34;1;79;38
"2020-05-026";2020-05-02;34;0;98;41
"2020-05-036";2020-05-03;34;4;75;53
"2020-05-046";2020-05-04;34;4;412;57
"2020-05-056";2020-05-05;34;3;261;58
"2020-05-066";2020-05-06;34;3;281;44
"2020-05-076";2020-05-07;34;1;219;43
"2020-05-086";2020-05-08;34;3;265;36
"2020-05-096";2020-05-09;34;0;73;21
"2020-05-106";2020-05-10;34;3;73;30
"2020-05-116";2020-05-11;34;4;352;36
"2020-05-126";2020-05-12;34;1;275;47
"2020-05-136";2020-05-13;34;3;348;31
"2020-05-146";2020-05-14;34;4;275;37
"2020-05-156";2020-05-15;34;2;330;31
"2020-05-166";2020-05-16;34;0;65;36
"2020-05-176";2020-05-17;34;0;49;28
"2020-05-186";2020-05-18;34;0;293;34
"2020-05-196";2020-05-19;34;3;327;17
"2020-05-206";2020-05-20;34;3;308;25
"2020-05-216";2020-05-21;34;1;67;19
"2020-05-226";2020-05-22;34;3;199;25
"2020-05-236";2020-05-23;34;0;64;21
"2020-05-246";2020-05-24;34;0;62;20
"2020-05-256";2020-05-25;34;5;260;19
"2020-05-266";2020-05-26;34;1;212;16
"2020-05-276";2020-05-27;34;4;218;17
"2020-05-286";2020-05-28;34;1;167;19
"2020-05-296";2020-05-29;34;4;163;16
"2020-05-306";2020-05-30;34;0;49;20
"2020-05-316";2020-05-31;34;2;45;19
"2020-06-016";2020-06-01;34;1;56;9
"2020-06-026";2020-06-02;34;1;252;10
"2020-06-036";2020-06-03;34;0;208;14
"2020-06-046";2020-06-04;34;0;179;14
"2020-06-056";2020-06-05;34;0;196;9
"2020-06-066";2020-06-06;34;0;46;7
"2020-06-076";2020-06-07;34;1;59;11
"2020-06-086";2020-06-08;34;0;242;9
"2020-06-096";2020-06-09;34;0;303;10
"2020-06-106";2020-06-10;34;0;240;16
"2020-06-116";2020-06-11;34;1;248;8
"2020-06-126";2020-06-12;34;1;292;8
"2020-06-136";2020-06-13;34;0;58;9
"2020-06-146";2020-06-14;34;0;55;14
"2020-06-156";2020-06-15;34;0;255;6
"2020-06-166";2020-06-16;34;0;254;8
"2020-06-176";2020-06-17;34;0;289;15
"2020-06-186";2020-06-18;34;0;194;3
"2020-06-196";2020-06-19;34;1;183;9
"2020-06-206";2020-06-20;34;0;66;8
"2020-06-216";2020-06-21;34;0;52;7
"2020-06-226";2020-06-22;34;1;215;7
"2020-06-236";2020-06-23;34;0;255;7
"2020-06-246";2020-06-24;34;0;219;3
"2020-06-256";2020-06-25;34;0;199;5
"2020-06-266";2020-06-26;34;0;222;6
"2020-06-276";2020-06-27;34;0;48;6
"2020-06-286";2020-06-28;34;0;59;2
"2020-06-296";2020-06-29;34;0;260;2
"2020-06-306";2020-06-30;34;0;285;2
"2020-07-016";2020-07-01;34;0;283;4
"2020-07-026";2020-07-02;34;0;221;3
"2020-07-036";2020-07-03;34;1;254;0
"2020-07-046";2020-07-04;34;0;65;5
"2020-07-056";2020-07-05;34;0;84;4
"2020-07-066";2020-07-06;34;1;348;3
"2020-07-076";2020-07-07;34;0;307;3
"2020-07-086";2020-07-08;34;0;346;3
"2020-07-096";2020-07-09;34;0;279;3
"2020-07-106";2020-07-10;34;3;333;3
"2020-07-116";2020-07-11;34;0;79;5
"2020-07-126";2020-07-12;34;0;75;4
"2020-07-136";2020-07-13;34;1;410;1
"2020-07-146";2020-07-14;34;0;269;1
"2020-07-156";2020-07-15;34;0;372;5
"2020-07-166";2020-07-16;34;0;306;4
"2020-07-176";2020-07-17;34;0;303;3
"2020-07-186";2020-07-18;34;0;62;2
"2020-07-196";2020-07-19;34;0;85;4
"2020-07-206";2020-07-20;34;4;387;1
"2020-07-216";2020-07-21;34;1;287;2
"2020-07-226";2020-07-22;34;1;351;2
"2020-07-236";2020-07-23;34;0;257;0
"2020-07-246";2020-07-24;34;0;312;5
"2020-07-256";2020-07-25;34;0;93;7
"2020-07-266";2020-07-26;34;0;68;4
"2020-07-276";2020-07-27;34;1;419;1
"2020-07-286";2020-07-28;34;0;361;0
"2020-07-296";2020-07-29;34;2;361;1
"2020-07-306";2020-07-30;34;1;298;2
"2020-07-316";2020-07-31;34;2;347;2
"2020-08-016";2020-08-01;34;0;101;3
"2020-08-026";2020-08-02;34;0;93;1
"2020-08-036";2020-08-03;34;1;560;3
"2020-08-046";2020-08-04;34;1;463;2
"2020-08-056";2020-08-05;34;2;443;4
"2020-08-066";2020-08-06;34;2;444;6
"2020-08-076";2020-08-07;34;0;528;4
"2020-08-086";2020-08-08;34;0;140;6
"2020-08-096";2020-08-09;34;0;103;5
"2020-08-106";2020-08-10;34;1;831;3
"2020-08-116";2020-08-11;34;2;784;10
"2020-08-126";2020-08-12;34;4;713;7
"2020-08-136";2020-08-13;34;3;678;6
"2020-08-146";2020-08-14;34;9;725;6
"2020-08-156";2020-08-15;34;1;333;8
"2020-08-166";2020-08-16;34;2;146;6
"2020-08-176";2020-08-17;34;1;990;9
"2020-08-186";2020-08-18;34;2;957;10
"2020-08-196";2020-08-19;34;2;987;13
"2020-08-206";2020-08-20;34;0;910;9
"2020-08-216";2020-08-21;34;0;993;7
"2020-08-226";2020-08-22;34;1;274;6
"2020-08-236";2020-08-23;34;0;218;9
"2020-08-246";2020-08-24;34;1;1268;4
"2020-08-256";2020-08-25;34;1;1010;5
"2020-08-266";2020-08-26;34;1;1062;2
"2020-08-276";2020-08-27;34;9;778;7
"2020-08-286";2020-08-28;34;4;955;0
"2020-08-296";2020-08-29;34;5;278;0
"2020-08-306";2020-08-30;34;2;304;2
"2020-08-316";2020-08-31;34;2;1449;2
"2020-09-016";2020-09-01;34;7;1339;1
"2020-09-026";2020-09-02;34;1;1244;2
"2020-09-036";2020-09-03;34;1;1151;1
"2020-09-046";2020-09-04;34;4;1031;1
"2020-09-056";2020-09-05;34;1;198;1
"2020-09-066";2020-09-06;34;1;189;1
"2020-09-076";2020-09-07;34;2;1184;3
"2020-09-086";2020-09-08;34;1;860;1
"2020-09-096";2020-09-09;34;2;1033;2
"2020-09-106";2020-09-10;34;3;773;1
"2020-09-116";2020-09-11;34;2;699;0
"2020-09-126";2020-09-12;34;0;208;2
"2020-09-136";2020-09-13;34;0;203;3
"2020-09-146";2020-09-14;34;3;1246;0
"2020-09-156";2020-09-15;34;2;928;0
"2020-09-166";2020-09-16;34;5;890;1
"2020-09-176";2020-09-17;34;5;607;2
"2020-09-186";2020-09-18;34;3;670;2
"2020-09-196";2020-09-19;34;2;200;0
"2020-09-206";2020-09-20;34;2;190;0
"2020-09-216";2020-09-21;34;4;1095;1
"2020-09-226";2020-09-22;34;3;779;1
"2020-09-236";2020-09-23;34;5;892;1
"2020-09-246";2020-09-24;34;7;700;0
"2020-09-256";2020-09-25;34;5;749;1
"2020-09-266";2020-09-26;34;2;222;0
"2020-09-276";2020-09-27;34;1;252;1
"2020-09-286";2020-09-28;34;10;1048;0
"2020-09-296";2020-09-29;34;3;821;1
"2020-09-306";2020-09-30;34;12;912;0
"2020-10-016";2020-10-01;34;8;780;1
"2020-02-267";2020-02-26;38;0;0;0
"2020-02-277";2020-02-27;38;0;0;0
"2020-02-287";2020-02-28;38;0;0;0
"2020-02-297";2020-02-29;38;0;0;0
"2020-03-017";2020-03-01;38;0;0;0
"2020-03-027";2020-03-02;38;0;0;0
"2020-03-037";2020-03-03;38;1;0;0
"2020-03-047";2020-03-04;38;1;0;0
"2020-03-057";2020-03-05;38;1;0;0
"2020-03-067";2020-03-06;38;0;0;0
"2020-03-077";2020-03-07;38;1;0;1
"2020-03-087";2020-03-08;38;3;0;1
"2020-03-097";2020-03-09;38;14;0;1
"2020-03-107";2020-03-10;38;14;0;2
"2020-03-117";2020-03-11;38;11;0;4
"2020-03-127";2020-03-12;38;14;0;7
"2020-03-137";2020-03-13;38;5;0;4
"2020-03-147";2020-03-14;38;3;0;11
"2020-03-157";2020-03-15;38;4;0;12
"2020-03-167";2020-03-16;38;6;0;20
"2020-03-177";2020-03-17;38;9;0;25
"2020-03-187";2020-03-18;38;12;0;31
"2020-03-197";2020-03-19;38;0;0;35
"2020-03-207";2020-03-20;38;8;0;31
"2020-03-217";2020-03-21;38;2;0;25
"2020-03-227";2020-03-22;38;5;0;27
"2020-03-237";2020-03-23;38;11;0;29
"2020-03-247";2020-03-24;38;9;0;32
"2020-03-257";2020-03-25;38;9;0;21
"2020-03-267";2020-03-26;38;8;0;51
"2020-03-277";2020-03-27;38;11;0;39
"2020-03-287";2020-03-28;38;9;0;34
"2020-03-297";2020-03-29;38;5;0;24
"2020-03-307";2020-03-30;38;9;0;36
"2020-03-317";2020-03-31;38;6;202;30
"2020-04-017";2020-04-01;38;4;199;36
"2020-04-027";2020-04-02;38;13;194;41
"2020-04-037";2020-04-03;38;10;215;42
"2020-04-047";2020-04-04;38;6;77;45
"2020-04-057";2020-04-05;38;5;63;43
"2020-04-067";2020-04-06;38;5;229;38
"2020-04-077";2020-04-07;38;2;202;55
"2020-04-087";2020-04-08;38;3;140;55
"2020-04-097";2020-04-09;38;1;61;47
"2020-04-107";2020-04-10;38;1;59;53
"2020-04-117";2020-04-11;38;6;82;45
"2020-04-127";2020-04-12;38;1;63;54
"2020-04-137";2020-04-13;38;2;75;47
"2020-04-147";2020-04-14;38;1;177;37
"2020-04-157";2020-04-15;38;1;238;72
"2020-04-167";2020-04-16;38;7;180;66
"2020-04-177";2020-04-17;38;1;189;62
"2020-04-187";2020-04-18;38;1;69;70
"2020-04-197";2020-04-19;38;0;69;67
"2020-04-207";2020-04-20;38;0;240;65
"2020-04-217";2020-04-21;38;1;282;78
"2020-04-227";2020-04-22;38;3;211;68
"2020-04-237";2020-04-23;38;3;164;67
"2020-04-247";2020-04-24;38;0;185;68
"2020-04-257";2020-04-25;38;1;62;73
"2020-04-267";2020-04-26;38;0;69;65
"2020-04-277";2020-04-27;38;0;294;64
"2020-04-287";2020-04-28;38;2;271;57
"2020-04-297";2020-04-29;38;1;294;75
"2020-04-307";2020-04-30;38;1;330;46
"2020-05-017";2020-05-01;38;0;81;56
"2020-05-027";2020-05-02;38;0;75;54
"2020-05-037";2020-05-03;38;0;80;45
"2020-05-047";2020-05-04;38;0;365;43
"2020-05-057";2020-05-05;38;1;343;54
"2020-05-067";2020-05-06;38;1;313;44
"2020-05-077";2020-05-07;38;1;225;44
"2020-05-087";2020-05-08;38;0;297;38
"2020-05-097";2020-05-09;38;0;50;52
"2020-05-107";2020-05-10;38;0;59;35
"2020-05-117";2020-05-11;38;0;322;46
"2020-05-127";2020-05-12;38;2;344;36
"2020-05-137";2020-05-13;38;1;361;42
"2020-05-147";2020-05-14;38;0;306;45
"2020-05-157";2020-05-15;38;1;296;31
"2020-05-167";2020-05-16;38;0;67;33
"2020-05-177";2020-05-17;38;0;51;36
"2020-05-187";2020-05-18;38;0;358;34
"2020-05-197";2020-05-19;38;2;394;27
"2020-05-207";2020-05-20;38;0;298;33
"2020-05-217";2020-05-21;38;1;95;24
"2020-05-227";2020-05-22;38;1;254;30
"2020-05-237";2020-05-23;38;0;73;26
"2020-05-247";2020-05-24;38;0;50;31
"2020-05-257";2020-05-25;38;0;336;20
"2020-05-267";2020-05-26;38;1;270;22
"2020-05-277";2020-05-27;38;0;253;16
"2020-05-287";2020-05-28;38;0;217;10
"2020-05-297";2020-05-29;38;0;158;18
"2020-05-307";2020-05-30;38;0;54;16
"2020-05-317";2020-05-31;38;0;52;23
"2020-06-017";2020-06-01;38;0;58;10
"2020-06-027";2020-06-02;38;1;237;9
"2020-06-037";2020-06-03;38;0;231;14
"2020-06-047";2020-06-04;38;0;210;19
"2020-06-057";2020-06-05;38;2;212;12
"2020-06-067";2020-06-06;38;0;81;15
"2020-06-077";2020-06-07;38;0;69;13
"2020-06-087";2020-06-08;38;1;284;20
"2020-06-097";2020-06-09;38;0;414;13
"2020-06-107";2020-06-10;38;0;357;11
"2020-06-117";2020-06-11;38;0;336;10
"2020-06-127";2020-06-12;38;0;391;15
"2020-06-137";2020-06-13;38;0;59;14
"2020-06-147";2020-06-14;38;0;77;9
"2020-06-157";2020-06-15;38;1;509;13
"2020-06-167";2020-06-16;38;1;462;8
"2020-06-177";2020-06-17;38;0;455;7
"2020-06-187";2020-06-18;38;0;374;10
"2020-06-197";2020-06-19;38;3;267;6
"2020-06-207";2020-06-20;38;0;53;11
"2020-06-217";2020-06-21;38;0;92;9
"2020-06-227";2020-06-22;38;0;473;8
"2020-06-237";2020-06-23;38;0;387;13
"2020-06-247";2020-06-24;38;0;455;11
"2020-06-257";2020-06-25;38;0;314;6
"2020-06-267";2020-06-26;38;0;279;11
"2020-06-277";2020-06-27;38;0;64;3
"2020-06-287";2020-06-28;38;0;48;10
"2020-06-297";2020-06-29;38;0;516;5
"2020-06-307";2020-06-30;38;0;424;7
"2020-07-017";2020-07-01;38;1;474;2
"2020-07-027";2020-07-02;38;1;366;3
"2020-07-037";2020-07-03;38;0;367;6
"2020-07-047";2020-07-04;38;0;66;5
"2020-07-057";2020-07-05;38;0;57;5
"2020-07-067";2020-07-06;38;1;513;3
"2020-07-077";2020-07-07;38;2;533;6
"2020-07-087";2020-07-08;38;0;437;2
"2020-07-097";2020-07-09;38;0;352;4
"2020-07-107";2020-07-10;38;0;379;3
"2020-07-117";2020-07-11;38;0;115;3
"2020-07-127";2020-07-12;38;0;102;6
"2020-07-137";2020-07-13;38;0;531;2
"2020-07-147";2020-07-14;38;0;416;6
"2020-07-157";2020-07-15;38;0;418;5
"2020-07-167";2020-07-16;38;0;309;3
"2020-07-177";2020-07-17;38;0;304;4
"2020-07-187";2020-07-18;38;0;96;6
"2020-07-197";2020-07-19;38;0;98;2
"2020-07-207";2020-07-20;38;0;454;2
"2020-07-217";2020-07-21;38;0;334;1
"2020-07-227";2020-07-22;38;1;367;5
"2020-07-237";2020-07-23;38;0;295;3
"2020-07-247";2020-07-24;38;1;315;4
"2020-07-257";2020-07-25;38;0;95;3
"2020-07-267";2020-07-26;38;2;125;5
"2020-07-277";2020-07-27;38;3;481;2
"2020-07-287";2020-07-28;38;0;423;10
"2020-07-297";2020-07-29;38;4;457;0
"2020-07-307";2020-07-30;38;0;395;5
"2020-07-317";2020-07-31;38;2;377;1
"2020-08-017";2020-08-01;38;0;106;4
"2020-08-027";2020-08-02;38;0;139;0
"2020-08-037";2020-08-03;38;2;732;2
"2020-08-047";2020-08-04;38;0;676;5
"2020-08-057";2020-08-05;38;3;737;3
"2020-08-067";2020-08-06;38;2;733;5
"2020-08-077";2020-08-07;38;5;669;6
"2020-08-087";2020-08-08;38;2;251;10
"2020-08-097";2020-08-09;38;1;275;3
"2020-08-107";2020-08-10;38;4;1139;5
"2020-08-117";2020-08-11;38;1;1106;9
"2020-08-127";2020-08-12;38;1;1167;4
"2020-08-137";2020-08-13;38;4;1087;4
"2020-08-147";2020-08-14;38;3;1008;8
"2020-08-157";2020-08-15;38;2;335;7
"2020-08-167";2020-08-16;38;1;347;7
"2020-08-177";2020-08-17;38;3;1279;8
"2020-08-187";2020-08-18;38;2;1288;12
"2020-08-197";2020-08-19;38;0;1324;16
"2020-08-207";2020-08-20;38;1;1290;15
"2020-08-217";2020-08-21;38;1;1029;8
"2020-08-227";2020-08-22;38;1;269;16
"2020-08-237";2020-08-23;38;0;366;5
"2020-08-247";2020-08-24;38;1;1589;8
"2020-08-257";2020-08-25;38;1;1572;5
"2020-08-267";2020-08-26;38;1;1516;6
"2020-08-277";2020-08-27;38;3;1357;6
"2020-08-287";2020-08-28;38;0;1218;4
"2020-08-297";2020-08-29;38;1;294;4
"2020-08-307";2020-08-30;38;3;321;6
"2020-08-317";2020-08-31;38;1;1845;10
"2020-09-017";2020-09-01;38;3;1678;5
"2020-09-027";2020-09-02;38;1;1555;6
"2020-09-037";2020-09-03;38;2;1401;4
"2020-09-047";2020-09-04;38;1;1117;7
"2020-09-057";2020-09-05;38;0;247;2
"2020-09-067";2020-09-06;38;2;348;2
"2020-09-077";2020-09-07;38;1;1745;0
"2020-09-087";2020-09-08;38;4;1531;2
"2020-09-097";2020-09-09;38;1;1489;3
"2020-09-107";2020-09-10;38;0;1220;5
"2020-09-117";2020-09-11;38;3;940;4
"2020-09-127";2020-09-12;38;1;359;2
"2020-09-137";2020-09-13;38;5;335;1
"2020-09-147";2020-09-14;38;1;1801;5
"2020-09-157";2020-09-15;38;4;1402;0
"2020-09-167";2020-09-16;38;0;1255;3
"2020-09-177";2020-09-17;38;5;952;4
"2020-09-187";2020-09-18;38;2;878;3
"2020-09-197";2020-09-19;38;2;295;0
"2020-09-207";2020-09-20;38;0;315;3
"2020-09-217";2020-09-21;38;6;1346;3
"2020-09-227";2020-09-22;38;1;1203;0
"2020-09-237";2020-09-23;38;5;1120;3
"2020-09-247";2020-09-24;38;1;957;2
"2020-09-257";2020-09-25;38;3;755;2
"2020-09-267";2020-09-26;38;3;314;2
"2020-09-277";2020-09-27;38;1;268;1
"2020-09-287";2020-09-28;38;7;1419;1
"2020-09-297";2020-09-29;38;7;1177;1
"2020-09-307";2020-09-30;38;2;1106;3
"2020-10-017";2020-10-01;38;6;1024;2
"2020-02-268";2020-02-26;42;0;0;0
"2020-02-278";2020-02-27;42;0;0;0
"2020-02-288";2020-02-28;42;0;0;0
"2020-02-298";2020-02-29;42;0;0;0
"2020-03-018";2020-03-01;42;2;0;0
"2020-03-028";2020-03-02;42;1;0;0
"2020-03-038";2020-03-03;42;2;0;0
"2020-03-048";2020-03-04;42;2;0;0
"2020-03-058";2020-03-05;42;2;0;0
"2020-03-068";2020-03-06;42;0;0;0
"2020-03-078";2020-03-07;42;1;0;1
"2020-03-088";2020-03-08;42;12;0;0
"2020-03-098";2020-03-09;42;20;0;2
"2020-03-108";2020-03-10;42;15;0;4
"2020-03-118";2020-03-11;42;7;0;4
"2020-03-128";2020-03-12;42;8;0;10
"2020-03-138";2020-03-13;42;10;0;16
"2020-03-148";2020-03-14;42;4;0;22
"2020-03-158";2020-03-15;42;5;0;27
"2020-03-168";2020-03-16;42;6;0;39
"2020-03-178";2020-03-17;42;3;0;41
"2020-03-188";2020-03-18;42;7;0;73
"2020-03-198";2020-03-19;42;6;0;68
"2020-03-208";2020-03-20;42;7;0;65
"2020-03-218";2020-03-21;42;2;0;57
"2020-03-228";2020-03-22;42;1;0;63
"2020-03-238";2020-03-23;42;7;0;53
"2020-03-248";2020-03-24;42;4;0;64
"2020-03-258";2020-03-25;42;13;0;60
"2020-03-268";2020-03-26;42;13;0;61
"2020-03-278";2020-03-27;42;5;0;67
"2020-03-288";2020-03-28;42;5;0;50
"2020-03-298";2020-03-29;42;2;0;66
"2020-03-308";2020-03-30;42;19;0;74
"2020-03-318";2020-03-31;42;16;184;58
"2020-04-018";2020-04-01;42;14;197;67
"2020-04-028";2020-04-02;42;3;165;74
"2020-04-038";2020-04-03;42;7;162;74
"2020-04-048";2020-04-04;42;1;49;86
"2020-04-058";2020-04-05;42;4;39;68
"2020-04-068";2020-04-06;42;8;188;78
"2020-04-078";2020-04-07;42;5;148;93
"2020-04-088";2020-04-08;42;9;124;68
"2020-04-098";2020-04-09;42;3;52;72
"2020-04-108";2020-04-10;42;3;72;80
"2020-04-118";2020-04-11;42;0;65;89
"2020-04-128";2020-04-12;42;5;82;65
"2020-04-138";2020-04-13;42;0;57;91
"2020-04-148";2020-04-14;42;9;180;81
"2020-04-158";2020-04-15;42;3;221;81
"2020-04-168";2020-04-16;42;5;180;83
"2020-04-178";2020-04-17;42;10;151;79
"2020-04-188";2020-04-18;42;5;77;85
"2020-04-198";2020-04-19;42;0;54;92
"2020-04-208";2020-04-20;42;7;172;90
"2020-04-218";2020-04-21;42;4;204;106
"2020-04-228";2020-04-22;42;5;165;89
"2020-04-238";2020-04-23;42;2;168;74
"2020-04-248";2020-04-24;42;2;166;91
"2020-04-258";2020-04-25;42;1;53;90
"2020-04-268";2020-04-26;42;0;25;68
"2020-04-278";2020-04-27;42;4;239;78
"2020-04-288";2020-04-28;42;1;266;77
"2020-04-298";2020-04-29;42;1;216;65
"2020-04-308";2020-04-30;42;3;229;57
"2020-05-018";2020-05-01;42;1;59;68
"2020-05-028";2020-05-02;42;1;50;56
"2020-05-038";2020-05-03;42;2;65;62
"2020-05-048";2020-05-04;42;1;289;63
"2020-05-058";2020-05-05;42;0;234;51
"2020-05-068";2020-05-06;42;2;207;43
"2020-05-078";2020-05-07;42;0;188;44
"2020-05-088";2020-05-08;42;1;211;40
"2020-05-098";2020-05-09;42;0;54;43
"2020-05-108";2020-05-10;42;0;41;35
"2020-05-118";2020-05-11;42;0;236;44
"2020-05-128";2020-05-12;42;0;289;41
"2020-05-138";2020-05-13;42;0;262;32
"2020-05-148";2020-05-14;42;0;261;37
"2020-05-158";2020-05-15;42;2;262;31
"2020-05-168";2020-05-16;42;0;79;23
"2020-05-178";2020-05-17;42;0;44;28
"2020-05-188";2020-05-18;42;0;293;23
"2020-05-198";2020-05-19;42;0;262;24
"2020-05-208";2020-05-20;42;0;243;25
"2020-05-218";2020-05-21;42;0;37;25
"2020-05-228";2020-05-22;42;0;255;13
"2020-05-238";2020-05-23;42;0;72;16
"2020-05-248";2020-05-24;42;0;35;15
"2020-05-258";2020-05-25;42;0;287;25
"2020-05-268";2020-05-26;42;0;245;27
"2020-05-278";2020-05-27;42;0;186;18
"2020-05-288";2020-05-28;42;0;126;20
"2020-05-298";2020-05-29;42;0;150;17
"2020-05-308";2020-05-30;42;0;82;13
"2020-05-318";2020-05-31;42;0;24;21
"2020-06-018";2020-06-01;42;0;36;10
"2020-06-028";2020-06-02;42;0;207;30
"2020-06-038";2020-06-03;42;0;130;14
"2020-06-048";2020-06-04;42;0;145;18
"2020-06-058";2020-06-05;42;1;106;14
"2020-06-068";2020-06-06;42;0;19;14
"2020-06-078";2020-06-07;42;0;34;11
"2020-06-088";2020-06-08;42;0;170;17
"2020-06-098";2020-06-09;42;1;208;10
"2020-06-108";2020-06-10;42;0;189;21
"2020-06-118";2020-06-11;42;0;214;7
"2020-06-128";2020-06-12;42;0;175;8
"2020-06-138";2020-06-13;42;0;37;9
"2020-06-148";2020-06-14;42;0;38;18
"2020-06-158";2020-06-15;42;1;304;12
"2020-06-168";2020-06-16;42;1;267;13
"2020-06-178";2020-06-17;42;1;200;12
"2020-06-188";2020-06-18;42;0;167;12
"2020-06-198";2020-06-19;42;0;132;6
"2020-06-208";2020-06-20;42;0;36;6
"2020-06-218";2020-06-21;42;1;35;7
"2020-06-228";2020-06-22;42;0;245;9
"2020-06-238";2020-06-23;42;0;241;11
"2020-06-248";2020-06-24;42;0;198;10
"2020-06-258";2020-06-25;42;0;189;3
"2020-06-268";2020-06-26;42;0;142;10
"2020-06-278";2020-06-27;42;0;35;9
"2020-06-288";2020-06-28;42;0;24;9
"2020-06-298";2020-06-29;42;0;281;8
"2020-06-308";2020-06-30;42;1;205;3
"2020-07-018";2020-07-01;42;0;198;6
"2020-07-028";2020-07-02;42;0;205;7
"2020-07-038";2020-07-03;42;0;178;6
"2020-07-048";2020-07-04;42;0;51;3
"2020-07-058";2020-07-05;42;0;28;3
"2020-07-068";2020-07-06;42;0;322;4
"2020-07-078";2020-07-07;42;0;265;5
"2020-07-088";2020-07-08;42;0;230;3
"2020-07-098";2020-07-09;42;0;196;4
"2020-07-108";2020-07-10;42;1;190;11
"2020-07-118";2020-07-11;42;0;44;4
"2020-07-128";2020-07-12;42;0;26;4
"2020-07-138";2020-07-13;42;2;328;5
"2020-07-148";2020-07-14;42;0;225;2
"2020-07-158";2020-07-15;42;0;204;9
"2020-07-168";2020-07-16;42;0;196;5
"2020-07-178";2020-07-17;42;0;192;5
"2020-07-188";2020-07-18;42;0;48;3
"2020-07-198";2020-07-19;42;0;33;3
"2020-07-208";2020-07-20;42;0;316;5
"2020-07-218";2020-07-21;42;0;196;2
"2020-07-228";2020-07-22;42;1;207;1
"2020-07-238";2020-07-23;42;0;223;3
"2020-07-248";2020-07-24;42;0;176;2
"2020-07-258";2020-07-25;42;1;38;1
"2020-07-268";2020-07-26;42;0;29;3
"2020-07-278";2020-07-27;42;0;280;3
"2020-07-288";2020-07-28;42;0;242;6
"2020-07-298";2020-07-29;42;1;249;3
"2020-07-308";2020-07-30;42;0;255;2
"2020-07-318";2020-07-31;42;0;207;1
"2020-08-018";2020-08-01;42;0;74;4
"2020-08-028";2020-08-02;42;0;46;3
"2020-08-038";2020-08-03;42;1;456;3
"2020-08-048";2020-08-04;42;0;309;7
"2020-08-058";2020-08-05;42;1;367;9
"2020-08-068";2020-08-06;42;1;354;7
"2020-08-078";2020-08-07;42;0;292;3
"2020-08-088";2020-08-08;42;0;121;9
"2020-08-098";2020-08-09;42;1;99;3
"2020-08-108";2020-08-10;42;2;688;3
"2020-08-118";2020-08-11;42;1;570;5
"2020-08-128";2020-08-12;42;6;644;5
"2020-08-138";2020-08-13;42;2;619;5
"2020-08-148";2020-08-14;42;6;517;6
"2020-08-158";2020-08-15;42;1;172;2
"2020-08-168";2020-08-16;42;0;132;8
"2020-08-178";2020-08-17;42;4;883;3
"2020-08-188";2020-08-18;42;0;680;8
"2020-08-198";2020-08-19;42;1;663;13
"2020-08-208";2020-08-20;42;1;680;6
"2020-08-218";2020-08-21;42;2;572;7
"2020-08-228";2020-08-22;42;1;196;11
"2020-08-238";2020-08-23;42;1;184;9
"2020-08-248";2020-08-24;42;6;923;7
"2020-08-258";2020-08-25;42;2;886;8
"2020-08-268";2020-08-26;42;4;834;6
"2020-08-278";2020-08-27;42;6;795;7
"2020-08-288";2020-08-28;42;2;734;5
"2020-08-298";2020-08-29;42;1;173;7
"2020-08-308";2020-08-30;42;1;202;4
"2020-08-318";2020-08-31;42;6;1162;7
"2020-09-018";2020-09-01;42;2;940;4
"2020-09-028";2020-09-02;42;1;969;4
"2020-09-038";2020-09-03;42;1;842;3
"2020-09-048";2020-09-04;42;1;657;5
"2020-09-058";2020-09-05;42;0;148;2
"2020-09-068";2020-09-06;42;1;178;4
"2020-09-078";2020-09-07;42;1;1048;3
"2020-09-088";2020-09-08;42;1;742;6
"2020-09-098";2020-09-09;42;2;823;4
"2020-09-108";2020-09-10;42;1;689;3
"2020-09-118";2020-09-11;42;1;542;6
"2020-09-128";2020-09-12;42;0;167;3
"2020-09-138";2020-09-13;42;1;166;2
"2020-09-148";2020-09-14;42;0;855;4
"2020-09-158";2020-09-15;42;2;775;3
"2020-09-168";2020-09-16;42;1;706;1
"2020-09-178";2020-09-17;42;6;650;3
"2020-09-188";2020-09-18;42;5;536;1
"2020-09-198";2020-09-19;42;1;134;1
"2020-09-208";2020-09-20;42;0;173;0
"2020-09-218";2020-09-21;42;4;873;1
"2020-09-228";2020-09-22;42;4;735;2
"2020-09-238";2020-09-23;42;6;675;1
"2020-09-248";2020-09-24;42;12;630;1
"2020-09-258";2020-09-25;42;11;645;1
"2020-09-268";2020-09-26;42;0;211;1
"2020-09-278";2020-09-27;42;2;204;1
"2020-09-288";2020-09-28;42;11;827;2
"2020-09-298";2020-09-29;42;2;665;3
"2020-09-308";2020-09-30;42;1;699;0
"2020-10-018";2020-10-01;42;4;636;0
"2020-02-269";2020-02-26;46;0;0;0
"2020-02-279";2020-02-27;46;1;0;0
"2020-02-289";2020-02-28;46;5;0;5
"2020-02-299";2020-02-29;46;0;0;0
"2020-03-019";2020-03-01;46;4;0;0
"2020-03-029";2020-03-02;46;3;0;0
"2020-03-039";2020-03-03;46;6;0;2
"2020-03-049";2020-03-04;46;5;0;0
"2020-03-059";2020-03-05;46;4;0;2
"2020-03-069";2020-03-06;46;2;0;2
"2020-03-079";2020-03-07;46;0;0;0
"2020-03-089";2020-03-08;46;1;0;0
"2020-03-099";2020-03-09;46;21;0;4
"2020-03-109";2020-03-10;46;18;0;5
"2020-03-119";2020-03-11;46;16;0;9
"2020-03-129";2020-03-12;46;27;0;8
"2020-03-139";2020-03-13;46;16;0;14
"2020-03-149";2020-03-14;46;6;0;15
"2020-03-159";2020-03-15;46;16;0;31
"2020-03-169";2020-03-16;46;25;0;36
"2020-03-179";2020-03-17;46;19;0;46
"2020-03-189";2020-03-18;46;22;0;38
"2020-03-199";2020-03-19;46;36;0;46
"2020-03-209";2020-03-20;46;36;0;43
"2020-03-219";2020-03-21;46;16;0;43
"2020-03-229";2020-03-22;46;8;0;36
"2020-03-239";2020-03-23;46;39;0;42
"2020-03-249";2020-03-24;46;31;0;44
"2020-03-259";2020-03-25;46;33;0;54
"2020-03-269";2020-03-26;46;27;0;39
"2020-03-279";2020-03-27;46;22;0;38
"2020-03-289";2020-03-28;46;14;0;45
"2020-03-299";2020-03-29;46;2;0;48
"2020-03-309";2020-03-30;46;27;0;47
"2020-03-319";2020-03-31;46;16;356;45
"2020-04-019";2020-04-01;46;13;424;59
"2020-04-029";2020-04-02;46;21;408;57
"2020-04-039";2020-04-03;46;21;418;53
"2020-04-049";2020-04-04;46;5;163;44
"2020-04-059";2020-04-05;46;3;107;69
"2020-04-069";2020-04-06;46;32;402;43
"2020-04-079";2020-04-07;46;14;366;67
"2020-04-089";2020-04-08;46;16;244;70
"2020-04-099";2020-04-09;46;20;158;79
"2020-04-109";2020-04-10;46;2;115;58
"2020-04-119";2020-04-11;46;34;156;58
"2020-04-129";2020-04-12;46;7;104;68
"2020-04-139";2020-04-13;46;8;134;43
"2020-04-149";2020-04-14;46;35;339;60
"2020-04-159";2020-04-15;46;16;344;62
"2020-04-169";2020-04-16;46;15;355;70
"2020-04-179";2020-04-17;46;10;378;59
"2020-04-189";2020-04-18;46;7;132;67
"2020-04-199";2020-04-19;46;1;129;59
"2020-04-209";2020-04-20;46;6;414;65
"2020-04-219";2020-04-21;46;11;383;59
"2020-04-229";2020-04-22;46;6;344;70
"2020-04-239";2020-04-23;46;3;326;70
"2020-04-249";2020-04-24;46;7;390;64
"2020-04-259";2020-04-25;46;3;144;59
"2020-04-269";2020-04-26;46;1;102;57
"2020-04-279";2020-04-27;46;11;464;43
"2020-04-289";2020-04-28;46;4;432;55
"2020-04-299";2020-04-29;46;3;474;50
"2020-04-309";2020-04-30;46;4;542;49
"2020-05-019";2020-05-01;46;1;141;39
"2020-05-029";2020-05-02;46;3;292;55
"2020-05-039";2020-05-03;46;2;109;37
"2020-05-049";2020-05-04;46;0;593;29
"2020-05-059";2020-05-05;46;2;537;39
"2020-05-069";2020-05-06;46;1;533;26
"2020-05-079";2020-05-07;46;1;455;33
"2020-05-089";2020-05-08;46;1;448;34
"2020-05-099";2020-05-09;46;1;202;38
"2020-05-109";2020-05-10;46;0;87;23
"2020-05-119";2020-05-11;46;1;549;28
"2020-05-129";2020-05-12;46;0;568;30
"2020-05-139";2020-05-13;46;0;555;23
"2020-05-149";2020-05-14;46;0;526;28
"2020-05-159";2020-05-15;46;0;502;35
"2020-05-169";2020-05-16;46;0;158;23
"2020-05-179";2020-05-17;46;0;57;20
"2020-05-189";2020-05-18;46;1;475;23
"2020-05-199";2020-05-19;46;1;565;18
"2020-05-209";2020-05-20;46;0;440;23
"2020-05-219";2020-05-21;46;0;103;18
"2020-05-229";2020-05-22;46;1;430;16
"2020-05-239";2020-05-23;46;0;100;22
"2020-05-249";2020-05-24;46;0;84;16
"2020-05-259";2020-05-25;46;0;479;19
"2020-05-269";2020-05-26;46;0;402;18
"2020-05-279";2020-05-27;46;0;430;14
"2020-05-289";2020-05-28;46;0;334;21
"2020-05-299";2020-05-29;46;0;328;17
"2020-05-309";2020-05-30;46;0;97;15
"2020-05-319";2020-05-31;46;0;57;11
"2020-06-019";2020-06-01;46;0;52;10
"2020-06-029";2020-06-02;46;1;425;13
"2020-06-039";2020-06-03;46;1;349;20
"2020-06-049";2020-06-04;46;0;283;9
"2020-06-059";2020-06-05;46;1;334;16
"2020-06-069";2020-06-06;46;0;67;13
"2020-06-079";2020-06-07;46;0;87;11
"2020-06-089";2020-06-08;46;2;466;9
"2020-06-099";2020-06-09;46;0;425;10
"2020-06-109";2020-06-10;46;0;449;6
"2020-06-119";2020-06-11;46;0;454;9
"2020-06-129";2020-06-12;46;0;508;13
"2020-06-139";2020-06-13;46;0;68;11
"2020-06-149";2020-06-14;46;0;61;9
"2020-06-159";2020-06-15;46;0;659;9
"2020-06-169";2020-06-16;46;0;517;8
"2020-06-179";2020-06-17;46;2;438;7
"2020-06-189";2020-06-18;46;0;424;7
"2020-06-199";2020-06-19;46;0;379;6
"2020-06-209";2020-06-20;46;0;53;6
"2020-06-219";2020-06-21;46;0;72;7
"2020-06-229";2020-06-22;46;3;589;5
"2020-06-239";2020-06-23;46;0;534;2
"2020-06-249";2020-06-24;46;0;513;2
"2020-06-259";2020-06-25;46;1;455;5
"2020-06-269";2020-06-26;46;0;447;4
"2020-06-279";2020-06-27;46;0;68;3
"2020-06-289";2020-06-28;46;0;62;4
"2020-06-299";2020-06-29;46;2;738;6
"2020-06-309";2020-06-30;46;0;636;1
"2020-07-019";2020-07-01;46;1;649;8
"2020-07-029";2020-07-02;46;0;630;2
"2020-07-039";2020-07-03;46;0;588;5
"2020-07-049";2020-07-04;46;0;90;3
"2020-07-059";2020-07-05;46;0;95;2
"2020-07-069";2020-07-06;46;0;729;3
"2020-07-079";2020-07-07;46;0;672;5
"2020-07-089";2020-07-08;46;0;656;1
"2020-07-099";2020-07-09;46;2;573;1
"2020-07-109";2020-07-10;46;0;649;3
"2020-07-119";2020-07-11;46;0;103;0
"2020-07-129";2020-07-12;46;0;105;2
"2020-07-139";2020-07-13;46;0;752;3
"2020-07-149";2020-07-14;46;0;680;0
"2020-07-159";2020-07-15;46;0;695;1
"2020-07-169";2020-07-16;46;0;655;2
"2020-07-179";2020-07-17;46;3;560;4
"2020-07-189";2020-07-18;46;0;224;2
"2020-07-199";2020-07-19;46;0;232;2
"2020-07-209";2020-07-20;46;0;829;1
"2020-07-219";2020-07-21;46;1;741;1
"2020-07-229";2020-07-22;46;2;728;2
"2020-07-239";2020-07-23;46;0;659;2
"2020-07-249";2020-07-24;46;1;631;3
"2020-07-259";2020-07-25;46;0;244;1
"2020-07-269";2020-07-26;46;0;99;0
"2020-07-279";2020-07-27;46;1;943;0
"2020-07-289";2020-07-28;46;2;816;1
"2020-07-299";2020-07-29;46;12;741;1
"2020-07-309";2020-07-30;46;5;727;2
"2020-07-319";2020-07-31;46;6;697;4
"2020-08-019";2020-08-01;46;1;284;1
"2020-08-029";2020-08-02;46;1;110;1
"2020-08-039";2020-08-03;46;2;1265;0
"2020-08-049";2020-08-04;46;0;1053;4
"2020-08-059";2020-08-05;46;4;1078;5
"2020-08-069";2020-08-06;46;6;1082;1
"2020-08-079";2020-08-07;46;1;868;6
"2020-08-089";2020-08-08;46;0;223;7
"2020-08-099";2020-08-09;46;1;230;2
"2020-08-109";2020-08-10;46;3;1468;4
"2020-08-119";2020-08-11;46;3;1464;5
"2020-08-129";2020-08-12;46;4;1445;5
"2020-08-139";2020-08-13;46;4;1468;6
"2020-08-149";2020-08-14;46;7;1499;7
"2020-08-159";2020-08-15;46;1;568;4
"2020-08-169";2020-08-16;46;1;461;9
"2020-08-179";2020-08-17;46;2;1850;7
"2020-08-189";2020-08-18;46;5;1580;8
"2020-08-199";2020-08-19;46;17;1584;14
"2020-08-209";2020-08-20;46;12;1678;7
"2020-08-219";2020-08-21;46;16;1654;6
"2020-08-229";2020-08-22;46;13;773;4
"2020-08-239";2020-08-23;46;5;829;6
"2020-08-249";2020-08-24;46;13;2498;8
"2020-08-259";2020-08-25;46;9;2304;6
"2020-08-269";2020-08-26;46;9;2401;8
"2020-08-279";2020-08-27;46;4;2272;11
"2020-08-289";2020-08-28;46;26;1859;7
"2020-08-299";2020-08-29;46;5;607;5
"2020-08-309";2020-08-30;46;15;791;6
"2020-08-319";2020-08-31;46;42;2426;3
"2020-09-019";2020-09-01;46;14;2332;5
"2020-09-029";2020-09-02;46;22;2082;3
"2020-09-039";2020-09-03;46;24;1934;3
"2020-09-049";2020-09-04;46;33;1857;1
"2020-09-059";2020-09-05;46;15;912;6
"2020-09-069";2020-09-06;46;20;840;1
"2020-09-079";2020-09-07;46;43;2113;1
"2020-09-089";2020-09-08;46;34;2300;6
"2020-09-099";2020-09-09;46;46;2254;1
"2020-09-109";2020-09-10;46;50;2101;0
"2020-09-119";2020-09-11;46;38;2122;2
"2020-09-129";2020-09-12;46;21;1285;2
"2020-09-139";2020-09-13;46;25;1042;4
"2020-09-149";2020-09-14;46;32;2820;1
"2020-09-159";2020-09-15;46;26;2830;3
"2020-09-169";2020-09-16;46;29;2575;1
"2020-09-179";2020-09-17;46;19;2388;1
"2020-09-189";2020-09-18;46;16;1906;1
"2020-09-199";2020-09-19;46;6;854;4
"2020-09-209";2020-09-20;46;14;669;1
"2020-09-219";2020-09-21;46;26;2543;0
"2020-09-229";2020-09-22;46;17;1998;2
"2020-09-239";2020-09-23;46;23;1892;0
"2020-09-249";2020-09-24;46;24;1806;1
"2020-09-259";2020-09-25;46;25;1545;4
"2020-09-269";2020-09-26;46;15;841;1
"2020-09-279";2020-09-27;46;7;656;1
"2020-09-289";2020-09-28;46;13;2510;0
"2020-09-299";2020-09-29;46;11;2070;0
"2020-09-309";2020-09-30;46;20;1666;1
"2020-10-019";2020-10-01;46;21;1545;2
"2020-02-2610";2020-02-26;50;0;0;0
"2020-02-2710";2020-02-27;50;0;0;0
"2020-02-2810";2020-02-28;50;0;0;0
"2020-02-2910";2020-02-29;50;0;0;0
"2020-03-0110";2020-03-01;50;0;0;0
"2020-03-0210";2020-03-02;50;0;0;0
"2020-03-0310";2020-03-03;50;6;0;0
"2020-03-0410";2020-03-04;50;6;0;1
"2020-03-0510";2020-03-05;50;5;0;5
"2020-03-0610";2020-03-06;50;0;0;0
"2020-03-0710";2020-03-07;50;1;0;0
"2020-03-0810";2020-03-08;50;5;0;5
"2020-03-0910";2020-03-09;50;15;0;5
"2020-03-1010";2020-03-10;50;16;0;2
"2020-03-1110";2020-03-11;50;10;0;6
"2020-03-1210";2020-03-12;50;3;0;2
"2020-03-1310";2020-03-13;50;3;0;1
"2020-03-1410";2020-03-14;50;9;0;3
"2020-03-1510";2020-03-15;50;8;0;5
"2020-03-1610";2020-03-16;50;9;0;14
"2020-03-1710";2020-03-17;50;4;0;17
"2020-03-1810";2020-03-18;50;19;0;17
"2020-03-1910";2020-03-19;50;21;0;25
"2020-03-2010";2020-03-20;50;29;0;15
"2020-03-2110";2020-03-21;50;20;0;19
"2020-03-2210";2020-03-22;50;2;0;16
"2020-03-2310";2020-03-23;50;22;0;20
"2020-03-2410";2020-03-24;50;23;0;25
"2020-03-2510";2020-03-25;50;20;0;17
"2020-03-2610";2020-03-26;50;21;0;23
"2020-03-2710";2020-03-27;50;18;0;12
"2020-03-2810";2020-03-28;50;15;0;20
"2020-03-2910";2020-03-29;50;3;0;25
"2020-03-3010";2020-03-30;50;10;0;29
"2020-03-3110";2020-03-31;50;10;324;20
"2020-04-0110";2020-04-01;50;12;246;25
"2020-04-0210";2020-04-02;50;9;230;22
"2020-04-0310";2020-04-03;50;8;243;30
"2020-04-0410";2020-04-04;50;1;126;16
"2020-04-0510";2020-04-05;50;4;104;25
"2020-04-0610";2020-04-06;50;4;279;22
"2020-04-0710";2020-04-07;50;11;212;38
"2020-04-0810";2020-04-08;50;3;192;31
"2020-04-0910";2020-04-09;50;2;133;28
"2020-04-1010";2020-04-10;50;7;141;25
"2020-04-1110";2020-04-11;50;0;97;36
"2020-04-1210";2020-04-12;50;3;116;30
"2020-04-1310";2020-04-13;50;2;136;30
"2020-04-1410";2020-04-14;50;1;322;27
"2020-04-1510";2020-04-15;50;4;296;25
"2020-04-1610";2020-04-16;50;4;299;22
"2020-04-1710";2020-04-17;50;4;258;28
"2020-04-1810";2020-04-18;50;3;133;24
"2020-04-1910";2020-04-19;50;1;113;28
"2020-04-2010";2020-04-20;50;1;331;28
"2020-04-2110";2020-04-21;50;9;363;41
"2020-04-2210";2020-04-22;50;2;285;26
"2020-04-2310";2020-04-23;50;11;298;30
"2020-04-2410";2020-04-24;50;9;366;30
"2020-04-2510";2020-04-25;50;7;159;32
"2020-04-2610";2020-04-26;50;10;116;29
"2020-04-2710";2020-04-27;50;3;460;27
"2020-04-2810";2020-04-28;50;3;418;14
"2020-04-2910";2020-04-29;50;4;431;22
"2020-04-3010";2020-04-30;50;4;359;23
"2020-05-0110";2020-05-01;50;14;183;23
"2020-05-0210";2020-05-02;50;1;205;25
"2020-05-0310";2020-05-03;50;4;195;21
"2020-05-0410";2020-05-04;50;5;436;19
"2020-05-0510";2020-05-05;50;2;432;15
"2020-05-0610";2020-05-06;50;5;485;21
"2020-05-0710";2020-05-07;50;3;468;18
"2020-05-0810";2020-05-08;50;1;403;15
"2020-05-0910";2020-05-09;50;1;130;7
"2020-05-1010";2020-05-10;50;1;156;12
"2020-05-1110";2020-05-11;50;2;395;6
"2020-05-1210";2020-05-12;50;2;481;15
"2020-05-1310";2020-05-13;50;0;413;12
"2020-05-1410";2020-05-14;50;2;455;12
"2020-05-1510";2020-05-15;50;1;400;10
"2020-05-1610";2020-05-16;50;4;148;13
"2020-05-1710";2020-05-17;50;1;107;13
"2020-05-1810";2020-05-18;50;1;471;12
"2020-05-1910";2020-05-19;50;0;545;9
"2020-05-2010";2020-05-20;50;1;437;7
"2020-05-2110";2020-05-21;50;0;126;9
"2020-05-2210";2020-05-22;50;0;298;9
"2020-05-2310";2020-05-23;50;0;123;6
"2020-05-2410";2020-05-24;50;0;128;4
"2020-05-2510";2020-05-25;50;0;423;8
"2020-05-2610";2020-05-26;50;2;401;7
"2020-05-2710";2020-05-27;50;0;287;10
"2020-05-2810";2020-05-28;50;1;326;4
"2020-05-2910";2020-05-29;50;0;236;3
"2020-05-3010";2020-05-30;50;0;73;4
"2020-05-3110";2020-05-31;50;0;72;5
"2020-06-0110";2020-06-01;50;0;77;6
"2020-06-0210";2020-06-02;50;0;353;4
"2020-06-0310";2020-06-03;50;0;307;7
"2020-06-0410";2020-06-04;50;0;332;4
"2020-06-0510";2020-06-05;50;0;264;3
"2020-06-0610";2020-06-06;50;0;100;4
"2020-06-0710";2020-06-07;50;0;86;2
"2020-06-0810";2020-06-08;50;0;411;3
"2020-06-0910";2020-06-09;50;0;450;2
"2020-06-1010";2020-06-10;50;0;408;4
"2020-06-1110";2020-06-11;50;0;400;4
"2020-06-1210";2020-06-12;50;0;377;3
"2020-06-1310";2020-06-13;50;0;132;3
"2020-06-1410";2020-06-14;50;0;101;3
"2020-06-1510";2020-06-15;50;0;425;2
"2020-06-1610";2020-06-16;50;1;441;2
"2020-06-1710";2020-06-17;50;0;330;2
"2020-06-1810";2020-06-18;50;0;336;3
"2020-06-1910";2020-06-19;50;1;264;4
"2020-06-2010";2020-06-20;50;0;104;1
"2020-06-2110";2020-06-21;50;0;93;2
"2020-06-2210";2020-06-22;50;2;383;2
"2020-06-2310";2020-06-23;50;0;338;2
"2020-06-2410";2020-06-24;50;0;390;0
"2020-06-2510";2020-06-25;50;0;306;3
"2020-06-2610";2020-06-26;50;0;268;7
"2020-06-2710";2020-06-27;50;0;105;1
"2020-06-2810";2020-06-28;50;0;101;0
"2020-06-2910";2020-06-29;50;0;360;0
"2020-06-3010";2020-06-30;50;0;320;0
"2020-07-0110";2020-07-01;50;0;356;0
"2020-07-0210";2020-07-02;50;1;358;3
"2020-07-0310";2020-07-03;50;0;318;3
"2020-07-0410";2020-07-04;50;0;101;2
"2020-07-0510";2020-07-05;50;0;96;1
"2020-07-0610";2020-07-06;50;0;402;0
"2020-07-0710";2020-07-07;50;0;351;0
"2020-07-0810";2020-07-08;50;1;483;0
"2020-07-0910";2020-07-09;50;0;332;2
"2020-07-1010";2020-07-10;50;0;385;1
"2020-07-1110";2020-07-11;50;0;108;1
"2020-07-1210";2020-07-12;50;0;89;2
"2020-07-1310";2020-07-13;50;0;440;0
"2020-07-1410";2020-07-14;50;1;385;2
"2020-07-1510";2020-07-15;50;1;415;0
"2020-07-1610";2020-07-16;50;2;393;0
"2020-07-1710";2020-07-17;50;2;345;1
"2020-07-1810";2020-07-18;50;0;86;1
"2020-07-1910";2020-07-19;50;0;107;3
"2020-07-2010";2020-07-20;50;0;464;0
"2020-07-2110";2020-07-21;50;1;476;0
"2020-07-2210";2020-07-22;50;3;392;0
"2020-07-2310";2020-07-23;50;0;389;0
"2020-07-2410";2020-07-24;50;1;388;1
"2020-07-2510";2020-07-25;50;0;175;0
"2020-07-2610";2020-07-26;50;1;133;1
"2020-07-2710";2020-07-27;50;1;566;2
"2020-07-2810";2020-07-28;50;2;547;2
"2020-07-2910";2020-07-29;50;0;533;1
"2020-07-3010";2020-07-30;50;2;532;2
"2020-07-3110";2020-07-31;50;0;519;2
"2020-08-0110";2020-08-01;50;0;165;2
"2020-08-0210";2020-08-02;50;1;174;4
"2020-08-0310";2020-08-03;50;3;799;4
"2020-08-0410";2020-08-04;50;4;766;5
"2020-08-0510";2020-08-05;50;3;700;1
"2020-08-0610";2020-08-06;50;4;725;4
"2020-08-0710";2020-08-07;50;3;660;2
"2020-08-0810";2020-08-08;50;5;402;4
"2020-08-0910";2020-08-09;50;2;249;6
"2020-08-1010";2020-08-10;50;5;1164;2
"2020-08-1110";2020-08-11;50;1;1001;0
"2020-08-1210";2020-08-12;50;0;1253;4
"2020-08-1310";2020-08-13;50;3;1181;4
"2020-08-1410";2020-08-14;50;4;1388;6
"2020-08-1510";2020-08-15;50;4;747;3
"2020-08-1610";2020-08-16;50;3;730;4
"2020-08-1710";2020-08-17;50;8;1633;3
"2020-08-1810";2020-08-18;50;6;1821;7
"2020-08-1910";2020-08-19;50;0;1635;8
"2020-08-2010";2020-08-20;50;4;1483;8
"2020-08-2110";2020-08-21;50;2;1270;4
"2020-08-2210";2020-08-22;50;0;716;2
"2020-08-2310";2020-08-23;50;0;613;1
"2020-08-2410";2020-08-24;50;1;2002;5
"2020-08-2510";2020-08-25;50;2;1870;4
"2020-08-2610";2020-08-26;50;1;1726;2
"2020-08-2710";2020-08-27;50;0;1662;2
"2020-08-2810";2020-08-28;50;1;1648;3
"2020-08-2910";2020-08-29;50;0;781;1
"2020-08-3010";2020-08-30;50;0;583;1
"2020-08-3110";2020-08-31;50;1;1909;5
"2020-09-0110";2020-09-01;50;0;1710;4
"2020-09-0210";2020-09-02;50;0;1328;1
"2020-09-0310";2020-09-03;50;2;1306;2
"2020-09-0410";2020-09-04;50;3;1211;1
"2020-09-0510";2020-09-05;50;0;407;4
"2020-09-0610";2020-09-06;50;1;391;1
"2020-09-0710";2020-09-07;50;3;1806;0
"2020-09-0810";2020-09-08;50;1;1563;4
"2020-09-0910";2020-09-09;50;0;1446;2
"2020-09-1010";2020-09-10;50;2;1097;6
"2020-09-1110";2020-09-11;50;2;969;4
"2020-09-1210";2020-09-12;50;2;331;3
"2020-09-1310";2020-09-13;50;3;298;2
"2020-09-1410";2020-09-14;50;2;1861;1
"2020-09-1510";2020-09-15;50;4;1453;2
"2020-09-1610";2020-09-16;50;2;1334;0
"2020-09-1710";2020-09-17;50;0;1193;2
"2020-09-1810";2020-09-18;50;1;955;1
"2020-09-1910";2020-09-19;50;2;279;2
"2020-09-2010";2020-09-20;50;3;295;3
"2020-09-2110";2020-09-21;50;1;1743;3
"2020-09-2210";2020-09-22;50;3;1190;3
"2020-09-2310";2020-09-23;50;1;1200;2
"2020-09-2410";2020-09-24;50;2;1059;2
"2020-09-2510";2020-09-25;50;2;1074;1
"2020-09-2610";2020-09-26;50;4;336;1
"2020-09-2710";2020-09-27;50;1;336;1
"2020-09-2810";2020-09-28;50;4;1654;2
"2020-09-2910";2020-09-29;50;4;1302;0
"2020-09-3010";2020-09-30;50;10;1083;4
"2020-10-0110";2020-10-01;50;3;994;0
"2020-02-2611";2020-02-26;54;0;0;0
"2020-02-2711";2020-02-27;54;0;0;0
"2020-02-2811";2020-02-28;54;0;0;0
"2020-02-2911";2020-02-29;54;0;0;0
"2020-03-0111";2020-03-01;54;0;0;0
"2020-03-0211";2020-03-02;54;1;0;0
"2020-03-0311";2020-03-03;54;0;0;0
"2020-03-0411";2020-03-04;54;3;0;0
"2020-03-0511";2020-03-05;54;0;0;0
"2020-03-0611";2020-03-06;54;0;0;0
"2020-03-0711";2020-03-07;54;1;0;0
"2020-03-0811";2020-03-08;54;0;0;0
"2020-03-0911";2020-03-09;54;3;0;0
"2020-03-1011";2020-03-10;54;4;0;0
"2020-03-1111";2020-03-11;54;1;0;3
"2020-03-1211";2020-03-12;54;6;0;0
"2020-03-1311";2020-03-13;54;5;0;3
"2020-03-1411";2020-03-14;54;1;0;6
"2020-03-1511";2020-03-15;54;1;0;6
"2020-03-1611";2020-03-16;54;3;0;14
"2020-03-1711";2020-03-17;54;3;0;12
"2020-03-1811";2020-03-18;54;2;0;15
"2020-03-1911";2020-03-19;54;4;0;23
"2020-03-2011";2020-03-20;54;16;0;14
"2020-03-2111";2020-03-21;54;5;0;23
"2020-03-2211";2020-03-22;54;14;0;21
"2020-03-2311";2020-03-23;54;19;0;16
"2020-03-2411";2020-03-24;54;10;0;23
"2020-03-2511";2020-03-25;54;21;0;14
"2020-03-2611";2020-03-26;54;10;0;16
"2020-03-2711";2020-03-27;54;15;0;23
"2020-03-2811";2020-03-28;54;5;0;11
"2020-03-2911";2020-03-29;54;3;0;18
"2020-03-3011";2020-03-30;54;6;0;8
"2020-03-3111";2020-03-31;54;5;221;19
"2020-04-0111";2020-04-01;54;6;230;26
"2020-04-0211";2020-04-02;54;6;204;21
"2020-04-0311";2020-04-03;54;3;219;25
"2020-04-0411";2020-04-04;54;2;55;23
"2020-04-0511";2020-04-05;54;0;47;25
"2020-04-0611";2020-04-06;54;3;267;24
"2020-04-0711";2020-04-07;54;2;210;22
"2020-04-0811";2020-04-08;54;1;94;21
"2020-04-0911";2020-04-09;54;1;47;21
"2020-04-1011";2020-04-10;54;2;58;35
"2020-04-1111";2020-04-11;54;4;36;22
"2020-04-1211";2020-04-12;54;3;51;35
"2020-04-1311";2020-04-13;54;4;46;28
"2020-04-1411";2020-04-14;54;1;186;34
"2020-04-1511";2020-04-15;54;5;184;35
"2020-04-1611";2020-04-16;54;3;181;19
"2020-04-1711";2020-04-17;54;5;166;32
"2020-04-1811";2020-04-18;54;5;38;32
"2020-04-1911";2020-04-19;54;3;81;34
"2020-04-2011";2020-04-20;54;2;213;35
"2020-04-2111";2020-04-21;54;1;182;31
"2020-04-2211";2020-04-22;54;3;144;36
"2020-04-2311";2020-04-23;54;0;136;30
"2020-04-2411";2020-04-24;54;1;206;29
"2020-04-2511";2020-04-25;54;0;38;35
"2020-04-2611";2020-04-26;54;1;43;18
"2020-04-2711";2020-04-27;54;4;187;25
"2020-04-2811";2020-04-28;54;3;200;19
"2020-04-2911";2020-04-29;54;0;184;22
"2020-04-3011";2020-04-30;54;2;164;22
"2020-05-0111";2020-05-01;54;0;57;29
"2020-05-0211";2020-05-02;54;3;51;20
"2020-05-0311";2020-05-03;54;1;43;17
"2020-05-0411";2020-05-04;54;0;200;21
"2020-05-0511";2020-05-05;54;2;218;14
"2020-05-0611";2020-05-06;54;1;211;10
"2020-05-0711";2020-05-07;54;0;180;11
"2020-05-0811";2020-05-08;54;0;207;15
"2020-05-0911";2020-05-09;54;1;130;11
"2020-05-1011";2020-05-10;54;0;55;21
"2020-05-1111";2020-05-11;54;0;199;11
"2020-05-1211";2020-05-12;54;0;196;9
"2020-05-1311";2020-05-13;54;0;179;15
"2020-05-1411";2020-05-14;54;1;171;12
"2020-05-1511";2020-05-15;54;0;168;12
"2020-05-1611";2020-05-16;54;0;75;8
"2020-05-1711";2020-05-17;54;0;29;16
"2020-05-1811";2020-05-18;54;0;199;17
"2020-05-1911";2020-05-19;54;0;149;4
"2020-05-2011";2020-05-20;54;0;169;6
"2020-05-2111";2020-05-21;54;0;96;11
"2020-05-2211";2020-05-22;54;0;118;7
"2020-05-2311";2020-05-23;54;0;34;6
"2020-05-2411";2020-05-24;54;0;45;8
"2020-05-2511";2020-05-25;54;0;144;6
"2020-05-2611";2020-05-26;54;0;139;10
"2020-05-2711";2020-05-27;54;0;105;7
"2020-05-2811";2020-05-28;54;0;97;7
"2020-05-2911";2020-05-29;54;0;92;2
"2020-05-3011";2020-05-30;54;0;24;4
"2020-05-3111";2020-05-31;54;0;25;7
"2020-06-0111";2020-06-01;54;0;23;3
"2020-06-0211";2020-06-02;54;0;164;1
"2020-06-0311";2020-06-03;54;0;98;6
"2020-06-0411";2020-06-04;54;0;76;4
"2020-06-0511";2020-06-05;54;0;81;4
"2020-06-0611";2020-06-06;54;0;24;4
"2020-06-0711";2020-06-07;54;0;22;4
"2020-06-0811";2020-06-08;54;1;128;2
"2020-06-0911";2020-06-09;54;0;134;5
"2020-06-1011";2020-06-10;54;0;148;1
"2020-06-1111";2020-06-11;54;0;122;2
"2020-06-1211";2020-06-12;54;0;127;4
"2020-06-1311";2020-06-13;54;0;41;2
"2020-06-1411";2020-06-14;54;0;55;3
"2020-06-1511";2020-06-15;54;0;187;3
"2020-06-1611";2020-06-16;54;0;143;3
"2020-06-1711";2020-06-17;54;0;131;5
"2020-06-1811";2020-06-18;54;0;132;2
"2020-06-1911";2020-06-19;54;1;106;2
"2020-06-2011";2020-06-20;54;0;46;1
"2020-06-2111";2020-06-21;54;0;49;3
"2020-06-2211";2020-06-22;54;0;151;0
"2020-06-2311";2020-06-23;54;0;155;1
"2020-06-2411";2020-06-24;54;0;134;2
"2020-06-2511";2020-06-25;54;0;129;1
"2020-06-2611";2020-06-26;54;0;122;1
"2020-06-2711";2020-06-27;54;0;44;1
"2020-06-2811";2020-06-28;54;0;46;2
"2020-06-2911";2020-06-29;54;0;173;3
"2020-06-3011";2020-06-30;54;0;124;1
"2020-07-0111";2020-07-01;54;0;135;3
"2020-07-0211";2020-07-02;54;0;149;1
"2020-07-0311";2020-07-03;54;0;108;1
"2020-07-0411";2020-07-04;54;0;46;0
"2020-07-0511";2020-07-05;54;0;33;1
"2020-07-0611";2020-07-06;54;0;171;3
"2020-07-0711";2020-07-07;54;1;130;2
"2020-07-0811";2020-07-08;54;1;140;1
"2020-07-0911";2020-07-09;54;0;146;2
"2020-07-1011";2020-07-10;54;0;144;0
"2020-07-1111";2020-07-11;54;0;49;1
"2020-07-1211";2020-07-12;54;0;39;1
"2020-07-1311";2020-07-13;54;1;203;1
"2020-07-1411";2020-07-14;54;0;172;2
"2020-07-1511";2020-07-15;54;0;158;1
"2020-07-1611";2020-07-16;54;0;144;1
"2020-07-1711";2020-07-17;54;0;141;1
"2020-07-1811";2020-07-18;54;0;27;1
"2020-07-1911";2020-07-19;54;0;44;1
"2020-07-2011";2020-07-20;54;0;178;0
"2020-07-2111";2020-07-21;54;0;150;1
"2020-07-2211";2020-07-22;54;0;137;0
"2020-07-2311";2020-07-23;54;0;124;1
"2020-07-2411";2020-07-24;54;0;159;0
"2020-07-2511";2020-07-25;54;0;46;0
"2020-07-2611";2020-07-26;54;0;57;0
"2020-07-2711";2020-07-27;54;0;226;2
"2020-07-2811";2020-07-28;54;0;185;2
"2020-07-2911";2020-07-29;54;0;144;0
"2020-07-3011";2020-07-30;54;0;156;0
"2020-07-3111";2020-07-31;54;31;150;2
"2020-08-0111";2020-08-01;54;1;93;2
"2020-08-0211";2020-08-02;54;1;133;1
"2020-08-0311";2020-08-03;54;3;373;3
"2020-08-0411";2020-08-04;54;0;349;1
"2020-08-0511";2020-08-05;54;2;309;0
"2020-08-0611";2020-08-06;54;4;258;0
"2020-08-0711";2020-08-07;54;0;276;3
"2020-08-0811";2020-08-08;54;0;91;6
"2020-08-0911";2020-08-09;54;0;191;3
"2020-08-1011";2020-08-10;54;1;527;0
"2020-08-1111";2020-08-11;54;1;369;3
"2020-08-1211";2020-08-12;54;6;453;4
"2020-08-1311";2020-08-13;54;2;478;0
"2020-08-1411";2020-08-14;54;2;568;4
"2020-08-1511";2020-08-15;54;2;193;5
"2020-08-1611";2020-08-16;54;3;248;3
"2020-08-1711";2020-08-17;54;0;819;4
"2020-08-1811";2020-08-18;54;1;901;3
"2020-08-1911";2020-08-19;54;2;770;3
"2020-08-2011";2020-08-20;54;0;645;3
"2020-08-2111";2020-08-21;54;0;554;4
"2020-08-2211";2020-08-22;54;0;228;3
"2020-08-2311";2020-08-23;54;0;232;3
"2020-08-2411";2020-08-24;54;2;744;2
"2020-08-2511";2020-08-25;54;0;522;1
"2020-08-2611";2020-08-26;54;0;609;2
"2020-08-2711";2020-08-27;54;0;474;1
"2020-08-2811";2020-08-28;54;0;469;2
"2020-08-2911";2020-08-29;54;1;194;2
"2020-08-3011";2020-08-30;54;0;202;2
"2020-08-3111";2020-08-31;54;2;723;2
"2020-09-0111";2020-09-01;54;1;572;1
"2020-09-0211";2020-09-02;54;0;561;1
"2020-09-0311";2020-09-03;54;1;448;1
"2020-09-0411";2020-09-04;54;0;473;1
"2020-09-0511";2020-09-05;54;0;139;1
"2020-09-0611";2020-09-06;54;0;178;2
"2020-09-0711";2020-09-07;54;1;616;2
"2020-09-0811";2020-09-08;54;1;465;1
"2020-09-0911";2020-09-09;54;0;397;3
"2020-09-1011";2020-09-10;54;1;377;1
"2020-09-1111";2020-09-11;54;2;397;0
"2020-09-1211";2020-09-12;54;1;129;1
"2020-09-1311";2020-09-13;54;0;145;1
"2020-09-1411";2020-09-14;54;0;584;1
"2020-09-1511";2020-09-15;54;1;480;0
"2020-09-1611";2020-09-16;54;1;434;1
"2020-09-1711";2020-09-17;54;0;439;0
"2020-09-1811";2020-09-18;54;0;355;1
"2020-09-1911";2020-09-19;54;0;119;0
"2020-09-2011";2020-09-20;54;0;135;2
"2020-09-2111";2020-09-21;54;0;601;1
"2020-09-2211";2020-09-22;54;0;432;1
"2020-09-2311";2020-09-23;54;1;372;0
"2020-09-2411";2020-09-24;54;0;409;0
"2020-09-2511";2020-09-25;54;1;356;0
"2020-09-2611";2020-09-26;54;1;89;0
"2020-09-2711";2020-09-27;54;0;124;1
"2020-09-2811";2020-09-28;54;2;525;0
"2020-09-2911";2020-09-29;54;0;375;0
"2020-09-3011";2020-09-30;54;3;380;0
"2020-10-0111";2020-10-01;54;2;310;2
